isin,cusip,ticker
US0003041052,000304105,AACAY
US00032Q1040,00032Q104,WHWK
US0003602069,000360206,AAON
US0003611052,000361105,AIR
US0003752047,000375204,ABBNY
US00080Q1058,00080Q105,AAVMY
US00081T1088,00081T108,ACCO
US00089H1068,00089H106,ACSAY
US00090Q1031,00090Q103,ADT
US0009571003,000957100,ABM
US0010551028,001055102,AFL
US0010841023,001084102,AGCO
US00108J1097,00108J109,ACMR
US00109K1051,00109K105,AFCG
US0012285013,001228501,MITT
US00123Q1040,00123Q104,AGNC
US00130H1059,00130H105,AES
US00164V1035,00164V103,AMCX
US00165C3025,00165C302,AMC
US0017441017,001744101,AMN
US00175J1079,00175J107,POWW
US00181T1079,00181T107,GOLD
US00182C1036,00182C103,ANIP
US00183L2016,00183L201,ANGI
US00187Y1001,00187Y100,APG
US00191U1025,00191U102,ASGN
US00202F1021,00202F102,AMKBY
US00206R1023,00206R102,T
US0021202025,002120202,ATYR
US0021211018,002121101,ATEN
US00215F1075,00215F107,ATNI
US00215W1009,00215W100,ASX
US00217D1000,00217D100,ASTS
US00218A1051,00218A105,ASPI
US0022554044,002255404,AUOTY
US00246W1036,00246W103,AXTI
US0024741045,002474104,AZZ
US0028241000,002824100,ABT
US00287Y1091,00287Y109,ABBV
US0028962076,002896207,ANF
US00289Y2063,00289Y206,ABEO
US00370M1036,00370M103,ABVX
US0038813079,003881307,ACTG
US00404A1097,00404A109,ACHC
US0042251084,004225108,ACAD
US00435F3091,00435F309,ACCYY
US0043971052,004397105,ARAY
US00444E1038,00444E103,ANIOY
US00444T2096,00444T209,TLPH
US0044685008,004468500,ACHV
US0044981019,004498101,ACIW
US00449R1095,00449R109,ACLLY
US00461U1051,00461U105,ACRS
US0048161048,004816104,ACU
US00486H1059,00486H105,ADTN
US00489Q1022,00489Q102,ACR
US00507W2061,00507W206,ATNM
US00508Y1029,00508Y102,AYI
US0050981085,005098108,GOLF
US0053291078,005329107,ADAG
US00650F1093,00650F109,ADPT
US00654J2069,00654J206,ADXN
US0067391062,006739106,ADUS
US0067542045,006754204,AHEXY
US00687A1079,00687A107,ADDYY
US00704R1095,00704R109,ANL
US0071921078,007192107,AMIGY
US00724F1012,00724F101,ADBE
US00737L1035,00737L103,ATGE
US00751Y1064,00751Y106,AAP
US00760J1088,00760J108,AEHR
US00762U2006,00762U200,ATEYY
US00766T1007,00766T100,ACM
US0076CA1045,0076CA104,AEG
US00770C1018,00770C101,ARQ
US00770K2024,00770K202,AMTX
US00773J2024,00773J202,SYRE
US00773T1016,00773T101,ASIX
US00774W1036,00774W103,ANYYY
US00783V1044,00783V104,ADYEY
US0079031078,007903107,AMD
US00790R1041,00790R104,WMS
US00791N1028,00791N102,ADV
US0079731008,007973100,AEIS
US0080731088,008073108,AVAV
US00809M1045,00809M104,PAIYY
US0082521081,008252108,AMG
US00832E1038,00832E103,AFBI
US00835Q2021,00835Q202,AEVA
US00844W2089,00844W208,AGESY
US00846U1016,00846U101,A
US00847G8042,00847G804,AGEN
US00847J1051,00847J105,AGYS
US00847X1046,00847X104,AGIO
US0084921008,008492100,ADC
US00851L1035,00851L103,API
US0088753043,008875304,DOMH
US0090661010,009066101,ABNB
US0091191082,009119108,AFLYY
US0091262024,009126202,AIQUY
US00912N4034,00912N403,AIRI
US00912X3026,00912X302,AL
US0091581068,009158106,APD
US0092071010,009207101,AIRT
US0092791005,009279100,EADSY
US00938A1043,00938A104,AIRG
US0096062031,009606203,AIIXY
US0097195012,009719501,AKBTY
US00971T1016,00971T101,AKAM
US00972D1054,00972D105,AKBA
US00972G2075,00972G207,AKTX
US00973N1028,00973N102,AKTSQ
US0101995035,010199503,AKZOY
US0113111076,011311107,ALG
US0116421050,011642105,ALRM
US0116591092,011659109,ALK
US0123481089,012348108,AIN
US0126531013,012653101,ALB
US0130911037,013091103,ACI
US0138721065,013872106,AA
US01438T1060,01438T106,ALDX
US0144421072,014442107,ALEC
US01446U1034,01446U103,ALRS
US0147521092,014752109,ALX
US0152711091,015271109,ARE
US01609W1027,01609W102,BABA
US0162551016,016255101,ALGN
US01626L2043,01626L204,ALGS
US01626W1018,01626W101,ALIT
US01644J1088,01644J108,ALKT
US01741R1023,01741R102,ATI
US01748X1028,01748X102,ALGT
US01749D1054,01749D105,ALGM
US0185811082,018581108,BFH
US0188021085,018802108,LNT
US0188201000,018820100,ALIZY
US0191701095,019170109,AGAE
US0193301092,019330109,ALNT
US01973R1014,01973R101,ALSN
US01988P1084,01988P108,MDRX
US0200021014,020002101,ALL
US02005N1000,02005N100,ALLY
US02043Q1076,02043Q107,ALNY
US02071M5076,02071M507,ALBKY
US0207721095,020772109,APT
US02079K1079,02079K107,GOOG
US02079K3059,02079K305,GOOGL
US02081G2012,02081G201,ATEC
US0212442075,021244207,ALSMY
US02128L1061,02128L106,ALTG
US0215131063,021513106,ALTO
US02155H2004,02155H200,ALT
US02156K1034,02156K103,OPTU
US02209S1033,02209S103,MO
US02263T1043,02263T104,AMADY
US0226711010,022671101,AMAL
US0231114044,023111404,AMRN
US0231351067,023135106,AMZN
US0231398845,023139884,OSG
US02319V1035,02319V103,ABEV
US0235761014,023576101,AMTB
US0235861004,023586100,UHAL
US0236081024,023608102,AEE
US02361E1082,02361E108,AMRC
US02376R1023,02376R102,AAL
US02390A1016,02390A101,AMX
US0239391016,023939101,AMTM
US0240611030,024061103,DCH
US0248701072,024870107,AMMJ
US0255371017,025537101,AEP
US02553E1064,02553E106,AEO
US0258161092,025816109,AXP
US0259321042,025932104,AFG
US02665T3068,02665T306,AMH
US0268747849,026874784,AIG
US0269481091,026948109,AII
US02913V1035,02913V103,APEI
US0298991011,029899101,AWR
US0301112076,030111207,AMSC
US03027X1000,03027X100,AMT
US0303711081,030371108,AVD
US0304201033,030420103,AWK
US0305061097,030506109,AMWD
US03064D1081,03064D108,COLD
US03071H1005,03071H100,AMSF
US03073E1055,03073E105,COR
US03076C1062,03076C106,AMP
US03076K1088,03076K108,ABCB
US0311001004,031100100,AME
US0311621009,031162100,AMGN
US03152W1099,03152W109,FOLD
US0316521006,031652100,AMKR
US03168L1052,03168L105,AMRX
US0320951017,032095101,APH
US03209R1032,03209R103,AMPH
US03212B1035,03212B103,AMPY
US03213A1043,03213A104,AMPL
US0323325045,032332504,ASYS
US0325232017,032523201,AEBZY
US0326541051,032654105,ADI
US0327241065,032724106,ANAB
US0327973006,032797300,AVXL
US0341641035,034164103,ANDE
US0345691036,034569103,ANEB
US03464Y1082,03464Y108,AOMR
US03475V1017,03475V101,ANGO
US03485P4090,03485P409,NGLOY
US03486T2024,03486T202,ANGPY
US03524A1088,03524A108,BUD
US0352551081,035255108,ANIK
US03528H1095,03528H109,ANIX
US0357108390,035710839,NLY
US03615A1088,03615A108,ANVS
US03674X1063,03674X106,AR
US0367521038,036752103,ELV
US03676B1026,03676B102,AM
US03676C1009,03676C100,ATEX
US03736N1046,03736N104,ANZGY
US03743Q1085,03743Q108,APA
US03748R7474,03748R747,AIV
US03753U1060,03753U106,APLS
US03754H1041,03754H104,APEMY
US0375981091,037598109,APOG
US03761U5020,03761U502,MFIC
US03762U1051,03762U105,ARI
US03763A2078,03763A207,ASTH
US03769M1062,03769M106,APO
US03782L1017,03782L101,APPN
US0378331005,037833100,AAPL
US03783C1009,03783C100,APPF
US03784Y2000,03784Y200,APLE
US0381692070,038169207,APLD
US03820C1053,03820C105,AIT
US0382221051,038222105,AMAT
US03823U1025,03823U102,AAOI
US03831W1080,03831W108,APP
US0383361039,038336103,ATR
US03837C1062,03837C106,APYX
US03852U1060,03852U106,ARMK
US0389231087,038923108,ABR
US0390143032,039014303,RKDA
US03923E1073,03923E107,ARCAY
US03937C1053,03937C105,ARCB
US03937X1090,03937X109,ACKAY
US03938L2034,03938L203,MT
US0394831020,039483102,ADM
US03957W1062,03957W106,AROC
US0395872098,039587209,FUVV
US0396531008,039653100,ACA
US0396971071,039697107,ARDX
US03990B1017,03990B101,ARES
US04010E1091,04010E109,AGX
US04010L1035,04010L103,ARCC
US04013V1089,04013V108,ACRE
US04016X1019,04016X101,ARGX
US0404132054,040413205,ANET
US0412321095,041232109,ARKAY
US0420682058,042068205,ARM
US04206A1016,04206A101,ARLO
US04208T1088,04208T108,AHH
US04216R1023,04216R102,ARMP
US0423157058,042315705,ARR
US04247X1028,04247X102,AWI
US04271T1007,04271T100,ARRY
US0427351004,042735100,ARW
US0427441029,042744102,AROW
US04280A1007,04280A100,ARWR
US04316A1088,04316A108,APAM
US04342Y1047,04342Y104,ASAN
US0434361046,043436104,ABG
US04351P1012,04351P101,ASND
US04390B1052,04390B105,AAPG
US0441861046,044186104,ASH
US0453962070,045396207,ASMB
US0454871056,045487105,ASB
US0455281065,045528106,ACGP
US04621X1081,04621X108,AIZ
US0462241011,046224101,ASTE
US04626A1034,04626A103,ALAB
US04626D2062,04626D206,ARGGY
US0463531089,046353108,AZN
US04638F1084,04638F108,ALOT
US0464331083,046433108,ATRO
US0464843095,046484309,ASTC
US04681Y1038,04681Y103,ASIC
US0476491081,047649108,ATKR
US0477263026,047726302,BATRK
US0494681010,049468101,TEAM
US0495601058,049560105,ATO
US05207U1034,05207U103,AIAGY
US0527691069,052769106,ADSK
US05278C1071,05278C107,ATHM
US0528001094,052800109,ALV
US05280R1005,05280R100,AUTL
US0530151036,053015103,ADP
US05329W1027,05329W102,AN
US0533321024,053332102,AZO
US05338F3064,05338F306,AVTX
US0534841012,053484101,AVB
US05350V1061,05350V106,AVNS
US05352A1007,05352A100,AVTR
US0536111091,053611109,AVY
US05366Y2019,05366Y201,AVNW
US05368V1061,05368V106,AVNT
US0537741052,053774105,CAR
US05379B1070,05379B107,AVA
US0538071038,053807103,AVT
US0545361075,054536107,AXAHY
US0545402085,054540208,ACLS
US05464C1018,05464C101,AXON
US05464T1043,05464T104,AXSM
US05465C1009,05465C100,AX
US0547548588,054754858,AYTU
US05508R1068,05508R106,BGS
US05523R1077,05523R107,BAESY
US0552625057,055262505,BASFY
US0552981039,055298103,BCBP
US0554742090,055474209,SLAI
US05550J1016,05550J101,BJ
US05561Q2012,05561Q201,BOKF
US0556221044,055622104,BP
US05565A2024,05565A202,BNPQY
US05580M1080,05580M108,RILY
US05581M4042,05581M404,BTCS
US05601C1053,05601C105,BGSF
US05603J1088,05603J108,BKV
US05605H1005,05605H100,BWXT
US05606L1008,05606L100,BYDDY
US05614L2097,05614L209,BW
US0565251081,056525108,BMI
US0567521085,056752108,BIDU
US05684B1070,05684B107,BCSF
US05722G1004,05722G100,BKR
US0576652004,057665200,BCPC
US0584981064,058498106,BALL
US0589341009,058934100,BBAR
US05945F1030,05945F103,BANF
US0594603039,059460303,BBD
US05946K1016,05946K101,BBVA
US0595201064,059520106,BCH
US0595781040,059578104,BDORY
US05961W1053,05961W105,BMA
US05964H1059,05964H105,SAN
US05965X1090,05965X109,BSAC
US05967A1079,05967A107,BSBR
US05988J1034,05988J103,BAND
US05990K1060,05990K106,BANC
US0605051046,060505104,BAC
US06211J1007,06211J100,BFC
US0625401098,062540109,BOH
US06279J1097,06279J109,BKRIY
US0640581007,064058100,BK
US06417N1037,06417N103,OZK
US06652K1034,06652K103,BKU
US06654A1034,06654A103,BWFG
US06684L1035,06684L103,BZUN
US06738E2046,06738E204,BCS
US06759L1035,06759L103,BBDC
US06777U2006,06777U200,BNED
US0684631080,068463108,BBSI
US0687881088,068788108,BRRLY
US0708301041,070830104,BBWI
US07134L1070,07134L107,BATL
US0717711099,071771109,BVNRY
US0718131099,071813109,BAX
US07272M1071,07272M107,BCML
US0727303028,072730302,BAYRY
US0727434047,072743404,BMWKY
US0733201034,073320103,BESIY
US0734633094,073463309,BODI
US07373B1098,07373B109,BEEM
US07556Q8814,07556Q881,BZH
US0758871091,075887109,BDX
US07724U1034,07724U103,BDRFY
US07725L1026,07725L102,ONC
US0773472016,077347201,BELFA
US0773473006,077347300,BELFB
US0774541066,077454106,BDC
US07782B1044,07782B104,BLTE
US07831C1036,07831C103,BRBR
US08160H1014,08160H101,BHE
US08265T2087,08265T208,BSY
US0844231029,084423102,WRB
US0846801076,084680107,BBT
US0865161014,086516101,BBY
US0886061086,088606108,BHP
US08862E1091,08862E109,BYND
US0887361030,088736103,BICEY
US0887861088,088786108,BCYC
US0889291045,088929104,BGC
US08975B1098,08975B109,BBAI
US08975P1084,08975P108,CMRC
US08986R3093,08986R309,BH
US09003Q1004,09003Q100,BFLBY
US0900401060,090040106,BILI
US0900431000,090043100,BILL
US09032H1059,09032H105,BCG
US0905722072,090572207,BIO
US09058V1035,09058V103,BCRX
US09061G1013,09061G101,BMRN
US09062W2044,09062W204,BLFS
US09062X1037,09062X103,BIIB
US0906556065,090655606,BRTX
US09073M1045,09073M104,TECH
US09073Q3039,09073Q303,SCNI
US09075P2048,09075P204,BTAI
US09075V1026,09075V102,BNTX
US09077V1008,09077V100,BIOA
US09175A2069,09175A206,BMNR
US09180C1062,09180C106,BJRI
US0921131092,092113109,BKH
US09227Q1004,09227Q100,BLKB
US09239B1098,09239B109,BL
US09257W1009,09257W100,BXMT
US09259E1082,09259E108,TCPC
US09260D1072,09260D107,BX
US09261X1028,09261X102,BXSL
US09290D1019,09290D101,BLK
US0936711052,093671105,HRB
US0937121079,093712107,BE
US0942351083,094235108,BLMN
US0953061068,095306106,BLBD
US09549B1044,09549B104,BLFY
US09624H2085,09624H208,BXC
US0970231058,097023105,BA
US09739D1000,09739D100,BCC
US09857L1089,09857L108,BKNG
US0994061002,099406100,BOOT
US0995021062,099502106,BAH
US0997241064,099724106,BWA
US1005571070,100557107,SAM
US1010441053,101044105,BOC
US1011211018,101121101,BXP
US1011371077,101137107,BSX
US1021171087,102117108,BOUYY
US10316T1043,10316T104,BOX
US1033041013,103304101,BYD
US1046741062,104674106,BRC
US10482B1017,10482B101,BHR
US1053682035,105368203,BDN
US10554B1044,10554B104,LND
US10576N1028,10576N102,BRZE
US1058613068,105861306,ATLX
US1071801013,107180101,BNTGY
US10806X1028,10806X102,BBIO
US10807Q7007,10807Q700,BLIN
US1084412055,108441205,BRDCY
US1086211034,108621103,BWB
US10922N1037,10922N103,BHF
US10948C1071,10948C107,BV
US10948W1036,10948W103,AAMI
US10949T1097,10949T109,BRSP
US1096411004,109641100,EAT
US1096961040,109696104,BCO
US1101221083,110122108,BMY
US11040G1031,11040G103,VTOL
US1104481072,110448107,BTI
US11120U1051,11120U105,BRX
US11133T1034,11133T103,BR
US11135E2037,11135E203,BNL
US11135F1012,11135F101,AVGO
US11161T2078,11161T207,BWEN
US1124631045,112463104,BKD
US1143401024,114340102,AZTA
US1152361010,115236101,BRO
US1167941087,116794108,BRKR
US11687Q1094,11687Q109,BCUCY
US1170431092,117043109,BC
US11778E1064,11778E106,BOLSY
US1184401065,118440106,BKE
US1200761047,120076104,BBW
US12008R1077,12008R107,BLDR
US12117P1093,12117P109,BVVBY
US1220171060,122017106,BURL
US12233L2060,12233L206,BNR
US12326C1053,12326C105,BFST
US1244111092,124411109,BY
US12466Q1040,12466Q104,CFFI
US12468P1049,12468P104,AI
US1248051021,124805102,CBZ
US1248308785,124830878,CBL
US12503M1080,12503M108,CBOE
US12504L1098,12504L109,CBRE
US1251051066,125105106,OTGLY
US12510Q1004,12510Q100,CCC
US1251411013,125141101,CECO
US12514G1085,12514G108,CDW
US1252691001,125269100,CF
US12541W2098,12541W209,CHRW
US1255231003,125523100,CI
US12562Y1001,12562Y100,CKHUY
US12572Q1058,12572Q105,CME
US1258961002,125896100,CMS
US1261171003,126117100,CNA
US1261281075,126128107,CCNE
US12621E1038,12621E103,CNO
US1263491094,126349109,CSGS
US12634H2004,12634H200,PMTS
US1264021064,126402106,CSW
US1264081035,126408103,CSX
US1265011056,126501105,CTS
US12650W1071,12650W107,CEVMY
US12653C1080,12653C108,CNX
US1266011030,126601103,CVV
US12662P1084,12662P108,CVI
US1266501006,126650100,CVS
US12685J1051,12685J105,CABO
US1270551013,127055101,CBT
US1270971039,127097103,CTRA
US1271903049,127190304,CACI
US1272031071,127203107,WHD
US1273871087,127387108,CDNS
US12738K1097,12738K109,CDLR
US12740C1036,12740C103,CADE
US1275372076,127537207,CDZI
US12769G1004,12769G100,CZR
US1280302027,128030202,CALM
US12803K1097,12803K109,CAIXY
US1280583022,128058302,LSTA
US1295001044,129500104,CAL
US13057Q3056,13057Q305,CRC
US1307881029,130788102,CWT
US13100M5094,13100M509,CALX
US1311931042,131193104,CALY
US1330341082,133034108,CAC
US1331311027,133131102,CPT
US1344291091,134429109,CPB
US13462K1097,13462K109,CWH
US1347481020,134748102,CAN
US13765N1072,13765N107,CNNE
US1380063099,138006309,CAJPY
US1381031061,138103106,CTLP
US13916V1070,13916V107,CCOEY
US13961R1005,13961R100,CGEMY
US1396741050,139674105,CCBG
US1397371006,139737100,CBNK
US14040H1059,14040H105,COF
US1404752032,140475203,SNDA
US1405011073,140501107,CSWC
US14068E2081,14068E208,CAPS
US14070B3096,14070B309,CAPR
US1407553072,140755307,TVRD
US14147L1089,14147L108,CRDF
US14149Y1082,14149Y108,CAH
US14161W1053,14161W105,CDLX
US14167L1035,14167L103,CDNA
US14167R1005,14167R100,CCLD
US14174T1079,14174T107,CTRE
US1417881091,141788109,CARG
US1421521071,142152107,CAI
US14216R1014,14216R101,CARM
US14218T1051,14218T105,CZMWY
US1423391002,142339100,CSL
US1431301027,143130102,KMX
US14316J1088,14316J108,CG
US14365C1036,14365C103,CUK
US14427M1071,14427M107,PRTS
US1442851036,144285103,CRS
US1444302046,144430204,CRRFY
US14448C1045,14448C104,CARR
US14575E1055,14575E105,CARS
US1461031064,146103106,CARE
US1462291097,146229109,CRI
US1468691027,146869102,CVNA
US1474481041,147448104,CWST
US1475281036,147528103,CASY
US14808P1093,14808P109,CASS
US14817C1071,14817C107,SAVA
US14888U1016,14888U101,CPRX
US1489063081,148906308,CPCAY
US1491231015,149123101,CAT
US1491501045,149150104,CATY
US1492051065,149205106,CATO
US1500421094,150042109,MTTRY
US1508701034,150870103,CE
US15117B2025,15117B202,CLDX
US15117K1034,15117K103,CLLS
US15117N7012,15117N701,IMNN
US15126Q2084,15126Q208,CPAC
US1512908898,151290889,CX
US15135B1017,15135B101,CNC
US15189T1079,15189T107,CNP
US15202L1070,15202L107,CSR
US1523091007,152309100,CNTA
US15234Q2075,15234Q207,AXIA
US1534361001,153436100,CEE
US1535271068,153527106,CENT
US1535272058,153527205,CENTA
US1547604090,154760409,CPF
US1550382014,155038201,CEPU
US1551231020,155123102,CET
US1564311082,156431108,CENX
US15643U1043,15643U104,LEU
US1564921005,156492100,CNTY
US1565043007,156504300,CCS
US1567271093,156727109,CRNC
US1567761069,156776106,CRPHY
US15687V1098,15687V109,CERT
US1570851014,157085101,CERS
US15713L1098,15713L109,CRVO
US1572101053,157210105,CEVA
US15743P1049,15743P104,CHA
US15870P3073,15870P307,CSBR
US15961R3030,15961R303,CHPT
US1598641074,159864107,CRL
US16115Q3083,16115Q308,GTLS
US16119P1084,16119P108,CHTR
US1630721017,163072101,CAKE
US1630752038,163075203,CMCM
US1630861011,163086101,CHEF
US1630921096,163092109,CHGG
US16359R1032,16359R103,CHE
US1638511089,163851108,CC
US16411R2085,16411R208,LNG
US1651677353,165167735,EXE
US1653031088,165303108,CPK
US1667641005,166764100,CVX
US16679L1098,16679L109,CHWY
US16842Q1004,16842Q100,CSSEQ
US1689051076,168905107,PLCE
US16890R1095,16890R109,CLPXY
US16934Q8024,16934Q802,CIM
US16954L2043,16954L204,COE
US1696561059,169656105,CMG
US1699051066,169905106,CHH
US1702721085,170272108,CHLSY
US1707151064,170715106,CHDRY
US1710774076,171077407,NAGE
US17133Q5027,17133Q502,CHT
US1713401024,171340102,CHD
US1714841087,171484108,CHDN
US1717793095,171779309,CIEN
US1720621010,172062101,CINF
US17243V1026,17243V102,CNK
US17253J1060,17253J106,CIFR
US1725731079,172573107,CRCL
US17259U2042,17259U204,CION
US1727551004,172755100,CRUS
US17275R1023,17275R102,CSCO
US1729081059,172908105,CTAS
US1729674242,172967424,C
US17306X1028,17306X102,CTRN
US1746101054,174610105,CFG
US1747401008,174740100,CIA
US1788671071,178867107,CIVB
US17888H1032,17888H103,CIVI
US18047P1012,18047P101,CLZNY
US18270D1063,18270D106,CMTG
US18270P1093,18270P109,CLAR
US1844961078,184496107,CLH
US1844991018,184499101,CLNE
US18452B2097,18452B209,CLSK
US18453H1068,18453H106,CCO
US18482P1030,18482P103,CLFD
US1850641028,185064102,CLIR
US18538R1032,18538R103,CLW
US18539C2044,18539C204,CWEN
US1858991011,185899101,CLF
US1887691038,188769103,CLVLY
US1890541097,189054109,CLX
US18912E2072,18912E207,CSAI
US18914F1030,18914F103,CLOV
US18915M1071,18915M107,NET
US19046P2092,19046P209,CCB
US1910981026,191098102,COKE
US1912161007,191216100,KO
US1912232055,191223205,CCHGY
US1912411089,191241108,KOF
US1914592050,191459205,CHEOY
US19188J4094,19188J409,COCP
US1920051067,192005106,CDXS
US1921085049,192108504,CDE
US1921761052,192176105,JVA
US1924221039,192422103,CGNX
US1924461023,192446102,CTSH
US19247A1007,19247A100,CNS
US19247G1076,19247G107,COHR
US19249H1032,19249H103,CHRS
US1925761066,192576106,COHU
US19260Q1076,19260Q107,COIN
US1940145022,194014502,ENOV
US1941621039,194162103,CL
US19459J1043,19459J104,COLL
US1968501015,196850101,CUYTY
US1976411033,197641103,CLBK
US1985161066,198516106,COLM
US1993331057,199333105,CMCO
US1999081045,199908104,FIX
US20030N1019,20030N101,CMCSA
US2003401070,200340107,CMA
US2017122050,201712205,CMGGF
US2017231034,201723103,CMC
US2025976059,202597605,CRZBY
US2026081057,202608105,CVGI
US2027126000,202712600,CMWAY
US20337X1090,20337X109,VISN
US2036071064,203607106,CBU
US2036681086,203668108,CYH
US20369C1062,20369C106,CHCT
US2041661024,204166102,CVLT
US2042803096,204280309,CODYY
US2043191079,204319107,CFRUY
US2044096012,204409601,CIG
US20440W1053,20440W105,SID
US20441A1025,20441A102,SBS
US20441B7047,20441B704,ELPC
US2044291043,204429104,CCU
US2044481040,204448104,BVN
US20449X4016,20449X401,CMPGY
US20451N1019,20451N101,CMP
US20451W1018,20451W101,CMPS
US20464U1007,20464U100,COMP
US2053061030,205306103,TBRG
US2056842022,205684202,CHCI
US2057504092,205750409,LODE
US2057683029,205768302,CRK
US2058262096,205826209,CMTL
US2058871029,205887102,CAG
US20602D1019,20602D101,CNXC
US2067871036,206787103,CNDT
US20717M1036,20717M103,CFLT
US20731J1025,20731J102,PRHI
US2074101013,207410101,CNMD
US20786W1071,20786W107,CNOB
US20825C1045,20825C104,COP
US2091151041,209115104,ED
US21036P1084,21036P108,STZ
US21037T1097,21037T109,CEG
US21044C1071,21044C107,ROAD
US2107712000,210771200,CTTAY
US21077F1003,21077F100,CTGO
US21077P1084,21077P108,CNTX
US21240E1055,21240E105,VLRS
US2166485019,216648501,COO
US21676P1030,21676P103,CPS
US2172041061,217204106,CPRT
US2183331022,218333102,CSNVY
US21833P3010,21833P301,CRBP
US2183521028,218352102,CORT
US2186831002,218683100,CMT
US21871N1019,21871N101,CXW
US21871X1090,21871X109,CRBG
US21873S1087,21873S108,CRWV
US21874A1060,21874A106,CORZ
US2189371006,218937100,CNR
US21900C3088,21900C308,CRMD
US2193501051,219350105,GLW
US2197981051,219798105,QDEL
US2199481068,219948106,CPAY
US22002T1088,22002T108,CDP
US22041X1028,22041X102,CRSR
US22052L1044,22052L104,CTVA
US2210151005,221015100,CRVS
US22113B1035,22113B103,CSAN
US2214133058,221413305,COSM
US22160K1051,22160K105,COST
US22160N1090,22160N109,CSGP
US2220702037,222070203,COTY
US22266M1045,22266M104,COUR
US22266T1097,22266T109,CPNG
US2227955026,222795502,CUZ
US22304D2071,22304D207,COVTY
US22357Q1058,22357Q105,FNCDY
US22410J1060,22410J106,CBRL
US2244081046,224408104,CR
US2244411052,224441105,CXT
US2253131054,225313105,CRARY
US2256551092,225655109,CCAP
US2264061068,226406106,CRESY
US22658D1000,22658D100,CRCT
US22663K1079,22663K107,CRNX
US2267181046,226718104,CRTO
US2270461096,227046109,CROX
US2274831047,227483104,CCRN
US22788C1053,22788C105,CRWD
US22822V1017,22822V101,CCI
US2283681060,228368106,CCK
US2288951088,228895108,CCEL
US2289031005,228903100,AORT
US2290503075,229050307,CYRX
US22948Q1013,22948Q101,CTO
US2296631094,229663109,CUBE
US22978P1066,22978P106,CUE
US2298991090,229899109,CFR
US2302151053,230215105,CULP
US2310211063,231021106,CMI
US2312693094,231269309,CRIS
US23128Q1013,23128Q101,CURB
US23130Q1076,23130Q107,CURI
US2315611010,231561101,CW
US2316313004,231631300,SRV
US2316472073,231647207,NXG
US23204G1004,23204G100,CUBI
US23282W6057,23282W605,CYTK
US23283X2062,23283X206,CTSO
US23284F1057,23284F105,CTMX
US23285D1090,23285D109,CTKB
US23290P1057,23290P105,DTNOY
US23291C1036,23291C103,BOOM
US23292B1044,23292B104,HEPS
US23292E1082,23292E108,DIDIY
US23304Y1001,23304Y100,DBSDY
US23306J3095,23306J309,DBVT
US2332761046,233276104,DMYY
US23331A1097,23331A109,DHI
US23331S1006,23331S100,DHX
US2333311072,233331107,DTE
US23335Q1004,23335Q100,DLHC
US23341C1036,23341C103,DNBBY
US23345V1070,23345V107,DRPRY
US23346J1034,23346J103,DSFIY
US23355L1061,23355L106,DXC
US2338252073,233825207,MBGYY
US23384L1017,23384L101,DTRUY
US2339121046,233912104,DJCO
US2342641097,234264109,DAKT
US2358252052,235825205,DAN
US2358511028,235851102,DHR
US2363632066,236363206,DNKEY
US23636T1007,23636T100,DANOY
US23703Q2030,23703Q203,DQ
US2371941053,237194105,DRI
US2372661015,237266101,DAR
US2375451083,237545108,DASTY
US23804L1035,23804L103,DDOG
US2383371091,238337109,PLAY
US23857X1037,23857X103,DVCMY
US23918K1088,23918K108,DVA
US2393601008,239360100,DWSN
US2435371073,243537107,DECK
US2441991054,244199105,DE
US24661P8077,24661P807,DCTH
US24664R2067,24664R206,DELKY
US24665A1034,24665A103,DK
US24703L2025,24703L202,DELL
US2473617023,247361702,DAL
US2480191012,248019101,DLX
US24823R1059,24823R105,DNLI
US24906P1093,24906P109,XRAY
US2505651081,250565108,DBI
US25063F1075,25063F107,DXYZ
US2515421061,251542106,DBOEY
US2515613048,251561304,DLAKY
US2515661054,251566105,DTEGY
US25157Y2028,25157Y202,DHLGY
US25161M1036,25161M103,DTCWY
US25179M1036,25179M103,DVN
US2521311074,252131107,DXCM
US25243Q2057,25243Q205,DEO
US25264R2076,25264R207,DHIL
US2527843013,252784301,DRH
US25278X1090,25278X109,FANG
US2528281080,252828108,DNTH
US2533931026,253393102,DKS
US2536512021,253651202,DBD
US2537981027,253798102,DGII
US25381B1017,25381B101,DMRC
US2538681030,253868103,DLR
US25400Q1058,25400Q105,DJT
US25400W1027,25400W102,APPS
US25401T6038,25401T603,DBRG
US25402D1028,25402D102,DOCN
US2540671011,254067101,DDS
US2544231069,254423106,DIN
US25445D1019,25445D101,DDL
US25445T1060,25445T106,DNOPY
US2545431015,254543101,DIOD
US2546871060,254687106,DIS
US25471A4013,25471A401,DTTVY
US25525P1075,25525P107,DHC
US2561352038,256135203,RDY
US2561631068,256163106,DOCU
US25659T1079,25659T107,DLB
US2566771059,256677105,DG
US2567461080,256746108,DLTR
US25746U1097,25746U109,D
US25754A2015,25754A201,DPZ
US2575541055,257554105,DOMO
US2576511099,257651109,DCI
US25787G1004,25787G100,DFIN
US25809K1051,25809K105,DASH
US2582781009,258278100,DORM
US25960R1059,25960R105,PLOW
US25961D1054,25961D105,DOUG
US25985W2044,25985W204,DOYU
US2600031080,260003108,DOV
US2605571031,260557103,DOW
US26142V1052,26142V105,DKNG
US26152H3012,26152H301,DRD
US26210C1045,26210C104,DBX
US2641471097,264147109,DCO
US26433T1088,26433T108,DUFRY
US26441C2044,26441C204,DUK
US26614N1028,26614N102,DD
US2668881061,266888106,DURYY
US26740W1099,26740W109,QBTS
US2674751019,267475101,DY
US2681501092,268150109,DT
US26817Q8868,26817Q886,DX
US2682111099,268211109,DZSIQ
US2683111072,268311107,EDAP
US2683531097,268353109,EDPFY
US26856L1035,26856L103,ELF
US2686031079,268603107,LOCO
US26874R1086,26874R108,E
US26875P1012,26875P101,EOG
US2687801033,268780103,EONGY
US26884L1098,26884L109,EQT
US26884U1097,26884U109,EPR
US2689481065,268948106,EGBN
US26929N1028,26929N102,EVI
US26942G1004,26942G100,EBMT
US26969P1084,26969P108,EXP
US2732021017,273202101,EJPRY
US27616P3010,27616P301,DEA
US27627N1054,27627N105,EBC
US2763171046,276317104,EML
US2772761019,277276101,EGP
US2774321002,277432100,EMN
US2774614067,277461406,KODK
US2778562098,277856209,ESYJY
US2786421030,278642103,EBAY
US2787681061,278768106,SATS
US2788651006,278865100,ECL
US27900N1037,27900N103,WAVE
US2791581091,279158109,EC
US28035Q1022,28035Q102,EPC
US2810201077,281020107,EIX
US28106W1036,28106W103,EDIT
US28176E1082,28176E108,EW
US28238P1093,28238P109,EHTH
US2824921074,282492107,EFGSY
US2829141009,282914100,EGHT
US28414H1032,28414H103,ELAN
US2855121099,285512109,EA
US28617K1016,28617K101,ELDN
US28617Y1010,28617Y101,EKTAY
US28618M1062,28618M106,ESI
US28657F1030,28657F103,ELTX
US28852N1090,28852N109,EFC
US2885781078,288578107,EARN
US2901591022,290159102,ELLRY
US29082A1079,29082A107,EMBJ
US29082K1051,29082K105,EMBC
US29082P2039,29082P203,EBCRY
US29084Q1004,29084Q100,EME
US29089Q1058,29089Q105,EBS
US2910111044,291011104,EMR
US2920343033,292034303,EP
US2921041065,292104106,ESRT
US29244A1025,29244A102,EDN
US29248L1044,29248L104,ENGGY
US29249E1091,29249E109,ACT
US29251M1062,29251M106,ENTA
US2925541029,292554102,ECPG
US29258N2062,29258N206,ELEZY
US29260V1052,29260V105,DAVA
US29261A1007,29261A100,EHC
US29265W2070,29265W207,ENLAY
US29268T5083,29268T508,EFOI
US29270J1007,29270J100,ERII
US29272W1099,29272W109,ENR
US29275Y1029,29275Y102,ENS
US2927651040,292765104,EPAC
US29278D1054,29278D105,ENIC
US29280W1099,29280W109,NRGV
US29286D1054,29286D105,ENGIY
US29286U1079,29286U107,EGIEY
US29332G1022,29332G102,EHAB
US29355A1079,29355A107,ENPH
US29355X1072,29355X107,NPO
US29357K1034,29357K103,ENVA
US29358P1012,29358P101,ENSG
US2935941078,293594107,ENVX
US29362U1043,29362U104,ENTG
US29364G1031,29364G103,ETR
US2937121059,293712105,EFSC
US29382R1077,29382R107,EVC
US29414B1044,29414B104,EPAM
US29415F1049,29415F104,NVST
US2942681071,294268107,PLUS
US29430C1027,29430C102,VSTS
US2944291051,294429105,EFX
US29444U7000,29444U700,EQIX
US29446K1060,29446K106,EQ
US29446M1027,29446M102,EQNR
US29452E1010,29452E101,EQH
US29460X1090,29460X109,EQBK
US29472R1086,29472R108,ELS
US29476L1070,29476L107,EQR
US29478X1090,29478X109,ERMAY
US2948216088,294821608,ERIC
US29482K1016,29482K101,ERELY
US29530P1021,29530P102,ERIE
US29605J1060,29605J106,ESAB
US2963151046,296315104,ESE
US29664W1053,29664W105,ESPR
US29670E1073,29670E107,EPRT
US29670G1022,29670G102,WTRG
US2971781057,297178105,ESS
US2972842007,297284200,ESLOY
US29786A1060,29786A106,ETSY
US2987361092,298736109,EEFT
US29873D1046,29873D104,EGFEY
US29975E1091,29975E109,EB
US29977A1051,29977A105,EVR
US30034W1062,30034W106,EVRG
US30040W1080,30040W108,ES
US30041T1043,30041T104,MRAM
US30049A1079,30049A107,EPM
US3005031097,300503109,EVKIY
US30050B1017,30050B101,EVH
US30050E1055,30050E105,EVO
US30051E1047,30051E104,EVVTY
US30052C1071,30052C107,EOLS
US30063P1057,30063P105,EXAS
US30068X1037,30068X103,XGN
US30161N1019,30161N101,EXC
US30161Q1040,30161Q104,EXEL
US30205M3097,30205M309,XCUR
US3020811044,302081104,EXLS
US30212P3038,30212P303,EXPE
US30212W1009,30212W100,EXPI
US3021301094,302130109,EXPD
US30214U1025,30214U102,EXPO
US30215C1018,30215C101,EXPGY
US30225T1025,30225T102,EXR
US30226D1063,30226D106,EXTR
US3023011063,302301106,EZPW
US30231G1022,30231G102,XOM
US30233G2093,30233G209,EYPT
US3024913036,302491303,FMC
US3024921039,302492103,FLYW
US3025201019,302520101,FNB
US30257X1046,30257X104,FBK
US30258N1054,30258N105,FATAQ
US3026352068,302635206,FSK
US30290Y1010,30290Y101,FSCO
US3029411093,302941109,FCN
US30303M1027,30303M102,META
US3030751057,303075105,FDS
US30320C3016,30320C301,FTCI
US3032501047,303250104,FICO
US3073051027,307305102,FANUY
US3076751086,307675108,FARM
US31154R1095,31154R109,FPI
US31188V1008,31188V100,FSLY
US31189P1021,31189P102,FATE
US3119001044,311900104,FAST
US3131483063,313148306,AGM
US3134003017,313400301,FMCC
US3135861090,313586109,FNMA
US3138551086,313855108,FSS
US3142111034,314211103,FHI
US31428X1063,31428X106,FDX
US31488V1070,31488V107,FERG
US3149111086,314911108,FRMI
US3156161024,315616102,FFIV
US31573L1052,31573L105,FBLG
US31620M1062,31620M106,FIS
US31620R3030,31620R303,FNF
US3165001070,316500107,FDUS
US31660D1072,31660D107,FLMNY
US3167731005,316773100,FITB
US3168411052,316841105,FIG
US31810T1016,31810T101,FINV
US31846B1089,31846B108,FA
US31847R1023,31847R102,FAF
US31931U1025,31931U102,FRBA
US3193832041,319383204,BUSE
US3193901002,319390100,FBIZ
US31946M1036,31946M103,FCNCA
US3198291078,319829107,FCF
US3198351047,319835104,FCCO
US3202091092,320209109,FFBC
US32020R1095,32020R109,FFIN
US32026V1044,32026V104,FFWM
US32043P1066,32043P106,FGBI
US3205171057,320517105,FHN
US32051X1081,32051X108,FHB
US3205571017,320557101,INBK
US32055Y2019,32055Y201,FIBK
US3208171096,320817109,FRME
US3358341077,335834107,FNWB
US33621E1091,33621E109,FSFG
US3364331070,336433107,FSLR
US33741H1077,33741H107,FUNC
US33751L1052,33751L105,MYFW
US3376553026,337655302,NOTE
US33768G1076,33768G107,FCFS
US3377381088,337738108,FISV
US3379321074,337932107,FE
US33817P4054,33817P405,FTLF
US33829M1018,33829M101,FIVE
US3383071012,338307101,FIVN
US33830Q2084,33830Q208,FEAM
US33830T1034,33830T103,FSBC
US3385171059,338517105,BDL
US3393821034,339382103,FLXS
US3397501012,339750101,FND
US3433894090,343389409,FTK
US3434121022,343412102,FLR
US3434981011,343498101,FLO
US34354P1057,34354P105,FLS
US34379V1035,34379V103,FLNC
US34385P1084,34385P108,LAB
US3444191064,344419106,FMX
US3453708600,345370860,F
US3454091063,345409106,FOVSY
US3462321015,346232101,FOR
US3463751087,346375108,FORM
US3464141056,346414105,FORTY
US3465631097,346563109,FORR
US34959A2069,34959A206,FSUGY
US34959E1091,34959E109,FTNT
US34959J1088,34959J108,FTV
US34964C1062,34964C106,FBIN
US34965K1079,34965K107,FTRE
US34984V2097,34984V209,FET
US34988V1061,34988V106,FOSL
US3500601097,350060109,FSTR
US35086T1097,35086T109,FCPT
US35137L1052,35137L105,FOXA
US35137L2043,35137L204,FOX
US35138V1026,35138V102,FOXF
US35243J1016,35243J101,FBRT
US3535141028,353514102,FELE
US3546131018,354613101,BEN
US35471R1068,35471R106,FSP
US35546M1080,35546M108,FPRUY
US3563901046,356390104,FRHC
US3566151045,356615104,FRTAY
US35671D8570,35671D857,FCX
US3570231007,357023100,RAIL
US3580101067,358010106,FEIM
US3580291066,358029106,FMS
US3580391056,358039105,FRPT
US35804M1053,35804M105,FSNUY
US3580541049,358054104,FRSH
US3584351056,358435105,FRD
US35905A1097,35905A109,FTDR
US35909R1086,35909R108,ULCC
US3595231073,359523107,FTEK
US35952H7008,35952H700,FCEL
US35952Q1067,35952Q106,FUPBY
US35958N1072,35958N107,FUJIY
US3595903044,359590304,FJTSY
US3596641098,359664109,FLGT
US3596781092,359678109,FLL
US3596941068,359694106,FUL
US35969L1089,35969L108,YMM
US3602711000,360271100,FULT
US3610081057,361008105,FNKO
US36116M1062,36116M106,FF
US36118L1061,36118L106,FUTU
US36120Q1013,36120Q101,FVCB
US3614481030,361448103,GATX
US36162J1060,36162J106,GEO
US36165A1025,36165A102,JOB
US36165L1089,36165L108,GDS
US3621ME1050,3621ME105,GNNDY
US36237H1014,36237H101,GIII
US3623971013,362397101,GAB
US36257Y1091,36257Y109,GOTU
US36262G1013,36262G101,GXO
US36266G1076,36266G107,GEHC
US36268T2069,36268T206,GAILF
US36269P1049,36269P104,GAIA
US36315X1019,36315X101,GLPG
US36317J2096,36317J209,GLXY
US3632252025,363225202,GALT
US3635761097,363576109,AJG
US3640971053,364097105,GLPEY
US36467J1088,36467J108,GLPI
US36467W1099,36467W109,GME
US36472T1097,36472T109,TDAY
US3647601083,364760108,GAP
US3665051054,366505105,GTX
US3666511072,366651107,IT
US36828A1016,36828A101,GEV
US36829U1060,36829U106,GZPZY
US36840V1098,36840V109,GBERY
US36870W1009,36870W100,GNTA
US36872P1030,36872P103,GNSS
US3687361044,368736104,GNRC
US3695501086,369550108,GD
US3696043013,369604301,GE
US3703341046,370334104,GIS
US37045V1008,37045V100,GM
US3715321028,371532102,GCO
US3719011096,371901109,GNTX
US3722791098,372279109,GNFTY
US3722842081,372284208,GNE
US3723032062,372303206,GMAB
US3724601055,372460105,GPC
US37247D1063,37247D106,GNW
US37253A1034,37253A103,THRM
US3737371050,373737105,GGB
US3738651047,373865104,GABC
US3741631036,374163103,GERN
US37427X1046,37427X104,GNGBY
US37428N1054,37428N105,GRPTY
US3742971092,374297109,GTY
US3743964062,374396406,GEVO
US3755581036,375558103,GILD
US37636P1084,37636P108,GVDNY
US37636X1019,37636X101,GJNSY
US37637K1088,37637K108,GTLB
US37637Q1058,37637Q105,GBCI
US3765358789,376535878,GLAD
US3765361080,376536108,GOOD
US3765461070,376546107,GAIN
US3765491010,376549101,LAND
US3773221029,377322102,GKOS
US37733W2044,37733W204,GSK
US37827X1000,37827X100,GLNCY
US37892C1062,37892C106,GGRP
US3789735079,378973507,GSAT
US3793782018,379378201,GNL
US37940X1028,37940X102,GPN
US37954A3032,37954A303,GMRE
US3795772082,379577208,GMED
US37959E1029,37959E102,GL
US3802371076,380237107,GDDY
US38046C1099,38046C109,GOGO
US38059T1060,38059T106,GFI
US38068T1051,38068T105,GORO
US3810131017,381013101,GDEN
US3810983003,381098300,GMGI
US38141G1040,38141G104,GS
US38147U1079,38147U107,GSBD
US38173M1027,38173M102,GBDC
US3825501014,382550101,GT
US38267D1090,38267D109,GSHD
US38268T1034,38268T103,GPRO
US3830821043,383082104,GRC
US38341P1021,38341P102,GOSS
US3841091040,384109104,GGG
US3843136074,384313607,EAF
US3845561063,384556106,GHM
US3846371041,384637104,GHC
US3847471014,384747101,GRAL
US3848021040,384802104,GWW
US38500T2006,38500T200,GTE
US38526M1062,38526M106,LOPE
US3873281071,387328107,GVA
US38741L1070,38741L107,GPMT
US3874321074,387432107,GRNT
US3886891015,388689101,GPK
US38911N2062,38911N206,GRVY
US3893751061,389375106,GTN
US3903207039,390320703,GECC
US39037G1094,39037G109,GEG
US3906071093,390607109,GLDD
US3909051076,390905107,GSBC
US3924831031,392483103,GOFPY
US3927091013,392709101,GRBK
US3932221043,393222104,GPRE
US3936571013,393657101,GBX
US39579V1008,39579V100,GHG
US3976241071,397624107,GEF
US3981823038,398182303,AHR
US39818P7996,39818P799,PKST
US3984331021,398433102,GFF
US3984382008,398438200,GIKLY
US3984384087,398438408,GRFS
US39854F1012,39854F101,GRND
US3989051095,398905109,GPI
US3994571004,399457100,GBLBY
US3994732069,399473206,GRPN
US39959A2050,39959A205,UPXI
US3999091008,399909100,GGAL
US4004911065,400491106,SIM
US40049J2069,40049J206,TV
US4005011022,400501102,OMAB
US4005061019,400506101,PAC
US40051E2028,40051E202,ASR
US40053W1018,40053W101,AVAL
US40054A1088,40054A108,SUPV
US40131M1099,40131M109,GH
US40171V1008,40171V100,GWRE
US4026355028,402635502,GPOR
US4037831033,403783103,GYRE
US4039491000,403949100,DINO
US4041111067,404111106,HBT
US40412C1018,40412C101,HCA
US40415F1012,40415F101,HDB
US40416E1038,40416E103,HCI
US40417F1093,40417F109,HFFG
US4042511000,404251100,HNI
US4042804066,404280406,HSBC
US40432G2075,40432G207,HTCKF
US40434L1052,40434L105,HPQ
US4046091090,404609109,HCKT
US4050241003,405024100,HAE
US4052171000,405217100,HAIN
US40523H1068,40523H106,HSHCY
US4055521003,405552100,HLN
US40609P1057,40609P105,HNRG
US4062161017,406216101,HAL
US40637H1095,40637H109,HALO
US4074971064,407497106,HLNE
US4101201097,410120109,HWC
US4104952043,410495204,HAFC
US41068X1000,41068X100,HASI
US4106931052,410693105,HVRRY
US4108671052,410867105,THG
US41135Q1040,41135Q104,HPGLY
US4128221086,412822108,HOG
US4131601027,413160102,HLIT
US4132163001,413216300,HMY
US4158641070,415864107,NVRI
US4161962026,416196202,HHS
US4165151048,416515104,HIG
US4169061052,416906105,HBIO
US4180561072,418056107,HAS
US4195961010,419596101,HVT
US4198701009,419870100,HE
US4202611095,420261109,HWKN
US4219061086,421906108,HCSG
US42222N1037,42222N103,HSTM
US42225T1079,42225T107,HCAT
US42226A1079,42226A107,HQY
US42226K1051,42226K105,HR
US4223471040,422347104,HTLD
US42250P1030,42250P103,DOC
US4227041062,422704106,HL
US4228061093,422806109,HEI
US42281Q1040,42281Q104,HBGRY
US4230081014,423008101,HKHHY
US4230123014,423012301,HEINY
US42328H1095,42328H109,HLIO
US42330P1075,42330P107,HLX
US4233253073,423325307,HLTOY
US42333L1035,42333L103,HLLGY
US4234031049,423403104,MOMO
US42341P1049,42341P104,HELFY
US4234521015,423452101,HP
US42550U1097,42550U109,HENKY
US42550U2087,42550U208,HENOY
US4262811015,426281101,JKHY
US4269271098,426927109,HTBK
US42701C1071,42701C107,HAGHY
US42704L1044,42704L104,HRI
US4270965084,427096508,HTGC
US42727J1025,42727J102,HRTG
US42751Q1058,42751Q105,HESAY
US4277461020,427746102,HRTX
US4278661081,427866108,HSY
US4280501085,428050108,HSAI
US42806J7000,42806J700,HTZ
US42824C1099,42824C109,HPE
US4282631070,428263107,HXGBY
US4282911084,428291108,HXL
US43010T1043,43010T104,HGLB
US43114Q1058,43114Q105,HPK
US4312841087,431284108,HIW
US4327481010,432748101,HTH
US43283X1054,43283X105,HGV
US43289P1066,43289P106,HIMX
US4330001060,433000106,HIMS
US43300A2033,43300A203,HLT
US4333231029,433323102,HIFS
US4335785071,433578507,HTHIY
US43475E1055,43475E105,HCMLY
US43538H1032,43538H103,HLLY
US4364401012,436440101,HOLX
US4370761029,437076102,HD
US4380908057,438090805,HNHPF
US4381283088,438128308,HMC
US4385161066,438516106,HON
US43940T1097,43940T109,HOPE
US4403271046,440327104,HMN
US4404071049,440407104,HBNC
US4404521001,440452100,HRL
US44107P1049,44107P104,HST
US4415931009,441593100,HLI
US44183U3086,44183U308,AGIG
US4424874018,442487401,HOV
US44267T1025,44267T102,HHH
US4432011082,443201108,HWM
US44332N1063,44332N106,HTHT
US4435106079,443510607,HUBB
US4435731009,443573100,HUBS
US4437872058,443787205,STRR
US4445601069,444560106,BOSSY
US4448591028,444859102,HUM
US4456581077,445658107,JBHT
US4461501045,446150104,HBAN
US4464131063,446413106,HII
US4470111075,447011107,HUN
US4473241044,447324104,HURC
US4474621020,447462102,HURN
US44812J1043,44812J104,HUT
US44842L1035,44842L103,HCM
US44852D1081,44852D108,HUYA
US4485791028,448579102,H
US44891N2080,44891N208,IAC
US4489475073,448947507,IDT
US44914U1060,44914U106,HYPMY
US44916E1001,44916E100,IPX
US44925C1036,44925C103,ICFI
US44930G1076,44930G107,ICUI
US44951W1062,44951W106,IESC
US44970W1036,44970W103,IMCDY
US44975P1030,44975P103,NBP
US44980X1090,44980X109,IPGP
US4500473032,450047303,IRS
US4500561067,450056106,IRTC
US4507371015,450737101,IBDRY
US45073V1089,45073V108,ITT
US45104G1040,45104G104,IBN
US4510511060,451051106,IBTA
US4511071064,451107106,IDA
US45113Y2037,45113Y203,AMBR
US4516222035,451622203,IPWR
US45166A1025,45166A102,IDYA
US45166E1047,45166E104,IDKOY
US45167R1041,45167R104,IEX
US45168D1046,45168D104,IDXX
US45170X2053,45170X205,INVE
US4523081093,452308109,ITW
US4523271090,452327109,ILMN
US4525211078,452521107,IMMR
US4525533083,452553308,IMPUY
US45256X1037,45256X103,IBRX
US45257L1089,45257L108,IMMP
US45258D1054,45258D105,IMCR
US4525EP1011,4525EP101,IMUX
US45262P1021,45262P102,IMBBY
US4532041096,453204109,PI
US45337C1027,45337C102,INCY
US45378A1060,45378A106,IRT
US4540891037,454089103,IFN
US45408X3089,45408X308,IGC
US45569U1016,45569U101,INDI
US4557931098,455793109,IDEXY
US4562371066,456237106,ILPT
US45662N1037,45662N103,IFNNY
US45674E2081,45674E208,INAB
US45675Y1047,45675Y104,III
US4567881085,456788108,INFY
US4568371037,456837103,ING
US45685K1025,45685K102,INFU
US45687V1061,45687V106,IR
US45688C1071,45688C107,NGVT
US4570301048,457030104,IMKTA
US4571521065,457152106,INGM
US4571871023,457187102,INGR
US4576422053,457642205,INOD
US45765U1034,45765U103,NSIT
US4576693075,457669307,INSM
US45768S1050,45768S105,IOSP
US4577301090,457730109,INSP
US45773H4092,45773H409,INO
US45774W1080,45774W108,IIIN
US45778Q1076,45778Q107,NSP
US45779A8466,45779A846,NSPR
US45780L1044,45780L104,INGN
US45780R1014,45780R101,IBP
US45781K2042,45781K204,IPHA
US45781M1018,45781M101,INVA
US45781V1017,45781V101,IIPR
US45782B3024,45782B302,INSG
US45782N1081,45782N108,INSE
US45783Q1004,45783Q100,NOTV
US45784P1012,45784P101,PODD
US4579852082,457985208,IART
US4581401001,458140100,INTC
US45817G2012,45817G201,IDN
US45826H1095,45826H109,ITGR
US45826J1051,45826J105,NTLA
US45841N1072,45841N107,IBKR
US45857P8068,45857P806,IHG
US4586653044,458665304,TILE
US45866F1049,45866F104,ICE
US45867G1013,45867G101,IDCC
US4590441030,459044103,IBOC
US4592001014,459200101,IBM
US4595061015,459506101,IFF
US4601461035,460146103,IP
US46059T1097,46059T109,IIJIY
US46062X3035,46062X303,IDXG
US4611471008,461147100,INTT
US46115H1077,46115H107,ISNPY
US4612021034,461202103,INTU
US46120E6023,46120E602,ISRG
US46121Y2019,46121Y201,IPI
US46122W3034,46122W303,INUV
US46124U1079,46124U107,IVA
US46131B7047,46131B704,IVR
US46134L1052,46134L105,ISTR
US46187W1071,46187W107,INVH
US4622221004,462222100,IONS
US46222L1089,46222L108,IONQ
US4622601007,462260100,IOVA
US4626292050,462629205,IPSEY
US46266A1097,46266A109,IRMD
US46266C1053,46266C105,IQV
US46267X1081,46267X108,IQ
US46269C1027,46269C102,IRDM
US4627261005,462726100,IRBTQ
US46284V1017,46284V101,IRM
US46333X1081,46333X108,IRWD
US46489V3024,46489V302,CATX
US46520M2044,46520M204,ACCS
US4655621062,465562106,ITUB
US4657121079,465712107,MONDQ
US46571Y1073,46571Y107,IIIV
US4657411066,465741106,ITRI
US46590V1008,46590V100,JBGS
US46591M1099,46591M109,JOYY
US4660321096,466032109,JJSF
US46604H2040,46604H204,IZEA
US46620W2017,46620W201,JILL
US46625H1005,46625H100,JPM
US4663131039,466313103,JBL
US4663671091,466367109,JACK
US46655E1001,46655E100,DC
US46817M1071,46817M107,JXN
US46982L1089,46982L108,J
US47012E4035,47012E403,JAKK
US47089W1045,47089W104,ALTS
US47100L3015,47100L301,DFDV
US47215P1066,47215P106,JD
US47233W1099,47233W109,JEF
US47580P1030,47580P103,JELD
US4764931014,476493101,JRONY
US4771431016,477143101,JBLU
US47759T1007,47759T100,JKS
US4778391049,477839104,JBTM
US4781601046,478160104,JNJ
US48020Q1076,48020Q107,JLL
US48123V1026,48123V102,ZD
US48137C1080,48137C108,JBAXY
US48138M1053,48138M105,JMIA
US48138V1052,48138V105,JUMSY
US48238T1097,48238T109,OPLN
US48241A1051,48241A105,KB
US48241F1049,48241F104,KBCSY
US48242W1062,48242W106,KBR
US4824801009,482480100,KLAC
US4824971042,482497104,BEKE
US48251K1007,48251K100,KREF
US48251W1045,48251W104,KKR
US48253L2051,48253L205,KLXE
US48265W1080,48265W108,KPLUY
US48268K1016,48268K101,KT
US48282T1043,48282T104,KAI
US4830077040,483007704,KALU
US4831192020,483119202,KALA
US4834671061,483467106,KLTR
US4834971032,483497103,KALV
US48553T1060,48553T106,BZ
US48563L1017,48563L101,KRT
US48576U2050,48576U205,KPTI
US48581R2058,48581R205,KSPI
US4866061066,486606106,KYN
US48666K1097,48666K109,KBH
US4881522084,488152208,KELYA
US4881523074,488152307,KELYB
US4884011002,488401100,KMPR
US4884452065,488445206,ZVRA
US4891701009,489170100,KMT
US4893981070,489398107,KW
US49177J1025,49177J102,KVUE
US4920891078,492089107,PPRUY
US4924601002,492460100,KRYAY
US49271V1008,49271V100,KDP
US4928541048,492854104,KEQU
US4931441095,493144109,KTCC
US4932671088,493267108,KEY
US49338L1035,49338L103,KEYS
US49372L2097,49372L209,KZR
US4937321010,493732101,KFRC
US49427F1084,49427F108,KRC
US49428J1097,49428J109,KE
US49435R1023,49435R102,KRP
US4943681035,494368103,KMB
US49446R1095,49446R109,KIM
US49456B1017,49456B101,KMI
US49639K1016,49639K101,KC
US49714P1084,49714P108,KNSL
US4972161016,497216101,KIGRY
US4972661064,497266106,KEX
US4973503067,497350306,KNBWY
US4990491049,499049104,KNX
US4991801071,499180107,KNRRY
US49926D1090,49926D109,KN
US49989A1097,49989A109,KHOLY
US50012A1088,50012A108,KGS
US50015M1099,50015M109,KOD
US5002551043,500255104,KSS
US5004675014,500467501,ADRNY
US5004723038,500472303,PHG
US50048T1051,50048T105,VOPKY
US50048U2015,50048U201,KBGGY
US50050N1037,50050N103,KTB
US5006001011,500600101,KOPN
US5006311063,500631106,KEP
US5006432000,500643200,KFY
US5006881065,500688106,KOS
US5007541064,500754106,KHC
US50077B2079,50077B207,KTOS
US50101L1061,50101L106,DNUT
US5010441013,501044101,KR
US50105F1057,50105F105,KRO
US50106E1073,50106E107,KRNTY
US5011471027,501147102,KRYS
US5011871085,501187108,KHNGY
US5012421013,501242101,KLIC
US50125G3074,50125G307,KULR
US50127T1097,50127T109,KURA
US5015562037,501556203,KYOCY
US50155Q1004,50155Q100,KD
US50186Q2021,50186Q202,LGEJY
US50186V1026,50186V102,LPL
US50187T1060,50187T106,LGIH
US5018892084,501889208,LKQ
US50189K1034,50189K103,LCII
US50202M1027,50202M102,LI
US5021172037,502117203,LRLCY
US50212V1008,50212V100,LPLA
US5021601043,502160104,LXU
US50216C1080,50216C108,LYTS
US5021751020,502175102,LTC
US5024311095,502431109,LHX
US5024413065,502441306,LVMUY
US5049221055,504922105,LH
US5053361078,505336107,LZB
US5057431042,505743104,LADR
US5117951062,511795106,LAKE
US5128073062,512807306,LRCX
US5128161099,512816109,LAMR
US5132721045,513272104,LW
US5138471033,513847103,MZTI
US5147661046,514766104,LFCR
US5150981018,515098101,LSTR
US51509F1057,51509F105,LE
US5165441032,516544103,LNTH
US5165571051,516557105,LNXSY
US5171251003,517125100,LRMR
US5178341070,517834107,LVS
US51817R2058,51817R205,LTM
US5184151042,518415104,LSCC
US5184391044,518439104,EL
US5186132032,518613203,LAUR
US5207761058,520776105,DSGR
US52110M1099,52110M109,LAZ
US5218652049,521865204,LEA
US52187K2006,52187K200,CYPH
US5246601075,524660107,LEG
US52466B1035,52466B103,LZ
US5246711049,524671104,LGRDY
US52472M1018,52472M101,LEGH
US52490G1022,52490G102,LEGN
US5253271028,525327102,LDOS
US5255582018,525558201,LMAT
US52567D1072,52567D107,LMND
US52603A2087,52603A208,LC
US52603B1070,52603B107,TREE
US5260571048,526057104,LEN
US5261071071,526107107,LII
US5262501050,526250105,LNVGY
US52660W1018,52660W101,FINMY
US52661A1088,52661A108,DRS
US52681J1051,52681J105,LYSFY
US5270642086,527064208,LESL
US52736R1023,52736R102,LEVI
US5288771034,528877103,LX
US5290434084,529043408,LXP
US5303071071,530307107,LBRDA
US5303073051,530307305,LBRDK
US5312297550,531229755,FWONK
US5312297717,531229771,FWONA
US5322061095,532206109,LIF
US53220K5048,53220K504,LGND
US53222K2050,53222K205,LFVN
US53222Q1031,53222Q103,LCUT
US53224K3023,53224K302,LTBR
US5322578056,532257805,LPTH
US5324571083,532457108,LLY
US53263P1057,53263P105,LMB
US5327461043,532746104,LMNR
US5335351004,533535100,LINC
US5339001068,533900106,LECO
US5341871094,534187109,LNC
US5352191093,535219109,LIND
US5355551061,535555106,LNN
US53566P1093,53566P109,LCTX
US53635B1070,53635B107,LQDT
US53635D2027,53635D202,LQDA
US5367971034,536797103,LAD
US5370081045,537008104,LFUS
US5380341090,538034109,LYV
US5381423087,538142308,LIVE
US5381463091,538146309,LPSN
US53815P1084,53815P108,RAMP
US53838J1051,53838J105,LVWR
US5394391099,539439109,LYG
US53946R1068,53946R106,LDI
US5398301094,539830109,LMT
US5404241086,540424108,L
US5414401035,541440103,LGIQ
US54150E1047,54150E104,LOMA
US54338V1017,54338V101,LZAGY
US54572F1012,54572F101,LOT
US5463471053,546347105,LPX
US5486611073,548661107,LOW
US5494982029,549498202,LCID
US54951L1098,54951L109,LKNCY
US54975P2011,54975P201,LU
US5500211090,550021109,LULU
US5502411037,550241103,LUMN
US55024U1097,55024U109,LITE
US55025L1089,55025L108,LFT
US5504243032,550424303,LAZRQ
US55087P1049,55087P104,LYFT
US5510733075,551073307,LYSDY
US55261F1049,55261F104,MTB
US55262C1009,55262C100,MBI
US5526901096,552690109,MDU
US55272X6076,55272X607,MFA
US55277P1049,55277P104,MGEE
US5528481030,552848103,MTG
US5529531015,552953101,MGM
US55302T2042,55302T204,MHPSY
US55303J1060,55303J106,MGPI
US55305B1017,55305B101,MHO
US55306N1046,55306N104,MKSI
US5533681012,553368101,MP
US5534911012,553491101,MSADY
US5534981064,553498106,MSA
US5535301064,553530106,MSM
US55354G1004,55354G100,MSCI
US5538101024,553810102,MVBF
US55405W1045,55405W104,MYRG
US55406W1036,55406W103,LUXE
US5543821012,554382101,MAC
US5544891048,554489104,VRE
US5560991094,556099109,MGNX
US55616P1049,55616P104,M
US5562691080,556269108,SHOO
US55825T1034,55825T103,MSGS
US55826T1025,55826T102,SPHR
US5588681057,558868105,MDGL
US55933J2033,55933J203,MX
US55939A1079,55939A107,MAGN
US55955D1000,55955D100,MGNI
US5597761098,559776109,MYTAY
US56035L1044,56035L104,MAIN
US56064Y1001,56064Y100,MNSB
US5608773009,560877300,MKTAY
US56155L1089,56155L108,TUSK
US5627501092,562750109,MANH
US5635714059,563571405,MTW
US56400P7069,56400P706,MNKD
US56418H1005,56418H100,MAN
US5657881067,565788106,MARA
US56585A1025,56585A102,MPC
US56600D1072,56600D107,MRVI
US5663241090,566324109,MMI
US5663301068,566330106,MCS
US56656T1051,56656T105,MBRFY
US5679081084,567908108,HZO
US5705351048,570535104,MKL
US57060D1081,57060D108,MKTX
US57142B1044,57142B104,MQ
US57164Y1073,57164Y107,VAC
US5717481023,571748102,MRSH
US5719032022,571903202,MAR
US5732841060,573284106,MLM
US5738741041,573874104,MRVL
US5745991068,574599106,MAS
US5747951003,574795100,MASI
US5763231090,576323109,MTZ
US57633B1008,57633B100,MHH
US57636Q1040,57636Q104,MA
US57637H1032,57637H103,MCFT
US57638P1049,57638P104,MBC
US5764852050,576485205,MTDR
US57667L1070,57667L107,MTCH
US57667T1007,57667T100,MTLS
US5766901012,576690101,MTRN
US5768531056,576853105,MTRX
US57686G1058,57686G105,MATX
US5770811025,577081102,MAT
US5771281012,577128101,MATW
US57776J1007,57776J100,MXL
US57777K1060,57777K106,MXCT
US5779331041,577933104,MMS
US5786051079,578605107,MEC
US5797802064,579780206,MKC
US5801351017,580135101,MCD
US58039P3055,58039P305,MUX
US5805891091,580589109,MGRC
US58155Q1031,58155Q103,MCK
US5839281061,583928106,MFIN
US58450D1046,58450D104,MDIA
US58463J3041,58463J304,MPT
US58470H1014,58470H101,MED
US58502B1061,58502B106,MD
US58502K1060,58502K106,MDIBY
US58506Q1094,58506Q109,MEDP
US58533E1038,58533E103,MPNGY
US5854641009,585464100,MLCO
US58733R1023,58733R102,MELI
US5873761044,587376104,MBWM
US5880561015,588056101,MERC
US58844R1086,58844R108,MBIN
US5893392093,589339209,MKKGY
US58933Y1055,58933Y105,MRK
US5893781089,589378108,MRCY
US5894001008,589400100,MCY
US5894921072,589492107,MREO
US5898891040,589889104,MMSI
US59001A1025,59001A102,MTH
US59044P1084,59044P108,CBLNY
US5904794089,590479408,RJET
US59064R1095,59064R109,MLAB
US5907174016,590717401,MESO
US59100U1088,59100U108,CASH
US5915202007,591520200,MEI
US59156R1086,59156R108,MET
US59165J1051,59165J105,MCBS
US5926881054,592688105,MTD
US5927701012,592770101,MXC
US59410T1060,59410T106,MGDDY
US5949181045,594918104,MSFT
US5949603048,594960304,MVIS
US5949724083,594972408,MSTR
US5950171042,595017104,MCHP
US59503A2042,59503A204,MBOT
US5951121038,595112103,MU
US59516C1062,59516C106,MVST
US59522J1034,59522J103,MAA
US5962781010,596278101,MIDD
US5977421057,597742105,MSBI
US6005441000,600544100,MLKN
US6005512040,600551204,MLR
US6030511033,603051103,MALRY
US6031581068,603158106,MTX
US6033802058,603380205,NERV
US6036932019,603693201,INKT
US60458C1045,60458C104,MIRA
US60471A1016,60471A101,MIR
US6047491013,604749101,MIRM
US60510V1089,60510V108,AVO
US60649T1079,60649T107,MG
US6067102003,606710200,MITK
US6067832070,606783207,MITEY
US6068221042,606822104,MUFG
US60687Y1091,60687Y109,MFG
US60770K1079,60770K107,MRNA
US6078281002,607828100,MOD
US60786M1053,60786M105,MC
US6081901042,608190104,MHK
US6084642023,608464202,MGYOY
US60853G1067,60853G106,MOLN
US60855R1005,60855R100,MOH
US60871R2094,60871R209,TAP
US6090271072,609027107,MCRI
US60919T1007,60919T100,MONRY
US6092071058,609207105,MDLZ
US60937P1066,60937P106,MDB
US6098391054,609839105,MPWR
US61023L2079,61023L207,MNPR
US6103351010,610335101,MRCC
US61174X1090,61174X109,MNST
US6151111019,615111101,MEG
US6153691059,615369105,MCO
US6174464486,617446448,MS
US6177001095,617700109,MORN
US61945C1036,61945C103,MOS
US6200711009,620071100,MPAA
US6200763075,620076307,MSI
US6245801062,624580106,MOV
US6246781081,624678108,MHGVY
US62473G1022,62473G102,MTUAY
US62474M1080,62474M108,MTNOY
US6247561029,624756102,MLI
US6247581084,624758108,MWA
US6261881063,626188106,MURGY
US6267171022,626717102,MUR
US6267551025,626755102,MUSA
US6284641098,628464109,MYE
US62855J1043,62855J104,MYGN
US62857J2015,62857J201,MYO
US62886E1082,62886E108,VYX
US6288772014,628877201,NCSM
US6289881079,628988107,MYND
US62914V1061,62914V106,NIO
US6292093050,629209305,NMIH
US6293341037,629334103,NNGRY
US6293371067,629337106,NNBR
US6293775085,629377508,NRG
US6294452064,629445206,NVEC
US62944T1051,62944T105,NVR
US62955J1034,62955J103,NOV
US63001N1063,63001N106,NATL
US6300873022,630087302,NNVC
US63008G2030,63008G203,NNDM
US63009J1079,63009J107,NBTX
US6304021057,630402105,NSSC
US6311031081,631103108,NDAQ
US6315122092,631512209,NPSNY
US6323471002,632347100,NATH
US63253R2013,63253R201,NATKY
US6336438790,633643879,NBGRY
US6348651091,634865109,NKSH
US6350171061,635017106,FIZZ
US6361801011,636180101,NFG
US6362744095,636274409,NGG
US63633D1046,63633D104,NHI
US6373722023,637372202,NRC
US6374171063,637417106,NNN
US63845R1077,63845R107,EYE
US6388423021,638842302,NAII
US63888P4063,63888P406,NHTC
US63888U1088,63888U108,NGVC
US63905A2006,63905A200,NTZ
US6391931010,639193101,NAVN
US63938C1080,63938C108,NAVI
US63947X1019,63947X101,NCNO
US6402683063,640268306,NKTR
US64026Q1085,64026Q108,NLLSY
US64031N1081,64031N108,NNI
US6404911066,640491106,NEOG
US64049M2098,64049M209,NEO
US6406551068,640655106,NEOV
US6406714005,640671400,NEPH
US64082B1026,64082B102,NRDS
US6410694060,641069406,NSRGY
US64107N2062,64107N206,LSAK
US64110D1046,64110D104,NTAP
US64110L1061,64110L106,NFLX
US64110W1027,64110W102,NTES
US64111Q1040,64111Q104,NTGR
US64115T1043,64115T104,NTCT
US64118P1093,64118P109,NLST
US64119N6085,64119N608,NTSK
US64119V3033,64119V303,NTST
US64121N1090,64121N109,NTIP
US64125C1099,64125C109,NBIX
US64131A1051,64131A105,STIM
US64135M1053,64135M105,NGNE
US6443931000,644393100,NFE
US6460251068,646025106,NJR
US6475511001,647551100,NMFC
US6475812060,647581206,EDU
US64828T2015,64828T201,RITM
US6494454001,649445400,FLG
US6496048405,649604840,ADAM
US6501111073,650111107,NYT
US6512291062,651229106,NWL
US6515871076,651587107,NEU
US6516391066,651639106,NEM
US6517185046,651718504,NPKI
US65249B1098,65249B109,NWSA
US65249B2088,65249B208,NWS
US6525262035,652526203,NEWT
US65336K1034,65336K103,NXST
US65338U1097,65338U109,NEXNY
US65339F1012,65339F101,NEE
US65341D1028,65341D102,NXRT
US65342K1051,65342K105,NEXT
US65342T1060,65342T106,NODK
US65345N1063,65345N106,NN
US6536561086,653656108,NICE
US65366E1001,65366E100,NIABY
US6541061031,654106103,NKE
US6544052086,654405208,NMTRQ
US65441V1017,65441V101,NINEQ
US6544453037,654445303,NTDOY
US65473P1057,65473P105,NI
US6548022069,654802206,NDEKY
US65481N1000,65481N100,NIU
US65487X1028,65487X102,NOAH
US6549022043,654902204,NOK
US65528V1070,65528V107,NKRKY
US65535H2085,65535H208,NMR
US65565D1019,65565D101,NRSDY
US6556631025,655663102,NDSN
US6558441084,655844108,NSC
US6565316055,656531605,NHYDY
US66405S1006,66405S100,NBN
US6641211007,664121100,NECB
US6655313079,665531307,NOG
US6658591044,665859104,NTRS
US6667621097,666762109,NRIM
US6668071029,666807102,NOC
US6673401039,667340103,NWBI
US66765N1054,66765N105,NWN
US6677461013,667746101,NWPX
US6680743050,668074305,NWE
US6687711084,668771108,GEN
US66979P3001,66979P300,XWIN
US66981J1025,66981J102,MNSO
US66987V1098,66987V109,NVS
US6700024010,670002401,NVAX
US6701002056,670100205,NVO
US6701081092,670108109,NVZMY
US67010L1008,67010L100,NVX
US67011P1003,67011P100,DNOW
US67018T1051,67018T105,NUS
US6703461052,670346105,NUE
US67054R2031,67054R203,DFNS
US67059N1081,67059N108,NTNX
US67066G1040,67066G104,NVDA
US6708371033,670837103,OGE
US67090S1087,67090S108,NCDL
US67098H1041,67098H104,OI
US67103B1008,67103B100,OFS
US67103H1077,67103H107,ORLY
US6710441055,671044105,OSIS
US67109R1095,67109R109,OPBK
US67111Q1076,67111Q107,OCCI
US67401P4054,67401P405,OCSL
US6742152076,674215207,CHRD
US67421J2078,67421J207,OTLY
US6745991058,674599105,OXY
US6748705067,674870506,OPTT
US6752321025,675232102,OII
US6757466064,675746606,ONIT
US67576A1007,67576A100,OCUL
US67577C1053,67577C105,OCGN
US67577R1023,67577R102,IRD
US6761182012,676118201,OMEX
US67623C1099,67623C109,OPITQ
US6778641000,677864100,ODC
US6780261052,678026105,OIS
US6792951054,679295105,OKTA
US6795801009,679580100,ODFL
US6800331075,680033107,ONB
US6802231042,680223104,ORI
US6802771005,680277100,OSBC
US6806652052,680665205,OLN
US6811161099,681116109,OLLI
US68162K1060,68162K106,ZEUS
US68170A1088,68170A108,OMDA
US6819191064,681919106,OMC
US6819361006,681936100,OHI
US68213N1090,68213N109,OMCL
US6821431029,682143102,OMER
US6821891057,682189105,ON
US68234L4059,68234L405,ONCSQ
US68235P1084,68235P108,OGS
US68236H2040,68236H204,ONDS
US6824061039,682406103,OLP
US68247Q2012,68247Q201,YI
US68247W1099,68247W109,OSS
US6826801036,682680103,OKE
US68268W1036,68268W103,OMF
US68278B1070,68278B107,OS
US68287N1000,68287N100,OSPN
US6833441057,683344105,ONTO
US68339B1044,68339B104,ONTF
US6837121036,683712103,OPEN
US68373M1071,68373M107,OPRA
US68375N1037,68375N103,OPK
US68376D1046,68376D104,OPRT
US6838272085,683827208,OCC
US68389X1054,68389X105,ORCL
US68403P2039,68403P203,ORMP
US68404L2016,68404L201,OPCH
US6840601065,684060106,ORANY
US68554V1089,68554V108,OSUR
US68571X3017,68571X301,ORC
US68621F1021,68621F102,ORGO
US68621T1025,68621T102,OBK
US68622D1063,68622D106,ORGN
US68622P1093,68622P109,ORIC
US68622V1061,68622V106,OGN
US68628V3087,68628V308,ORN
US68629Y1038,68629Y103,ONL
US6863301015,686330101,IX
US6863311097,686331109,ORKLY
US6866881021,686688102,ORA
US6873801053,687380105,ORRF
US68750L1026,68750L102,DNNGY
US68752L1008,68752L100,KIDS
US6876041087,687604108,ORKA
US6877931096,687793109,OSCR
US6882392011,688239201,OSK
US68902V1070,68902V107,OTIS
US6896481032,689648103,OTTR
US69002R1032,69002R103,TEAD
US69007J3041,69007J304,OUT
US69012T3059,69012T305,OTLK
US6903701018,690370101,BBBY
US6904691010,690469101,OVID
US69047Q1022,69047Q102,OVV
US6907321029,690732102,ACH
US6907421019,690742101,OC
US69121K1043,69121K104,OBDC
US6914973093,691497309,OXM
US6915438476,691543847,OXLC
US69181V1070,69181V107,OXSQ
US69318G1067,69318G106,PBF
US69318J1007,69318J100,CNXN
US69320M1099,69320M109,PCB
US6932821050,693282105,PDFS
US69331C1080,69331C108,PCG
US69343T1079,69343T107,PJT
US69344D4088,69344D408,PHI
US69346N1072,69346N107,PDX
US6934751057,693475105,PNC
US6934831099,693483109,PKX
US69349H1077,69349H107,TXNM
US6935061076,693506107,PPG
US69351T1060,69351T106,PPL
US69354N1063,69354N106,PRAA
US69355M1071,69355M107,PDO
US6936561009,693656100,PVH
US69366J2006,69366J200,PTCT
US69370C1009,69370C100,PTC
US6937181088,693718108,PCAR
US69376K1060,69376K106,RPC
US69404D1081,69404D108,PACB
US6951271005,695127100,PCRX
US6951561090,695156109,PKG
US69553P1003,69553P100,PD
US69608A1088,69608A108,PLTR
US6974351057,697435105,PANW
US69753M1053,69753M105,PLMR
US6976602077,697660207,PAM
US69832A3041,69832A304,PCRHY
US6988131024,698813102,PZZA
US6988841036,698884103,PAR
US69888T2078,69888T207,PARR
US69924M1099,69924M109,PZG
US69932A2042,69932A204,PSKY
US70014A1043,70014A104,PKE
US7002153044,700215304,TRAK
US7005171050,700517105,PK
US7006581075,700658107,PRK
US7008851062,700885106,PKBK
US7010941042,701094104,PH
US70202L1026,70202L102,PSN
US7033431039,703343103,PATK
US7034811015,703481101,PTEN
US7043261079,704326107,PAYX
US70432V1026,70432V102,PAYC
US70438V1061,70438V106,PCTY
US70450Y1038,70450Y103,PYPL
US70451X1046,70451X104,PAYO
US7045511000,704551100,BTU
US70465T1079,70465T107,PDSB
US7046991078,704699107,PGC
US7050151056,705015105,PSO
US70509V1008,70509V100,PEB
US70532Y3036,70532Y303,PED
US7055731035,705573103,PEGA
US70614W1009,70614W100,PTON
US7069151055,706915105,PENG
US7075691094,707569109,PENN
US70805E1091,70805E109,PNTG
US7080621045,708062104,PNNT
US70806A1060,70806A106,PFLT
US70931T1034,70931T103,PMT
US70932M1071,70932M107,PFSI
US70959W1036,70959W103,PAG
US70975L1070,70975L107,PEN
US7134481081,713448108,PEP
US71363P1066,71363P106,PRDO
US71377A1034,71377A103,PFGC
US71385M1071,71385M107,PRM
US7140461093,714046109,RVTY
US7141572039,714157203,PESI
US7141671039,714167103,PPIH
US71424F1057,71424F105,PR
US7142643060,714264306,PRNDY
US71535D1063,71535D106,PSNL
US7156841063,715684106,TLK
US71601V1052,71601V105,WOOF
US7163821066,716382106,PETS
US71654V4086,71654V408,PBR
US7170811035,717081103,PFE
US71716E1055,71716E105,PHAR
US71742Q1067,71742Q106,PAHC
US71742W1036,71742W103,PFX
US7181721090,718172109,PM
US71844V2016,71844V201,PECO
US7185461040,718546104,PSX
US71880K1016,71880K101,PHIN
US71910C2026,71910C202,FENG
US7194051022,719405102,PLAB
US71944F1066,71944F106,PHR
US71948P2092,71948P209,PHUN
US72147K1088,72147K108,PPC
US72201Y1010,72201Y101,PDI
US7223041028,722304102,PDD
US7234841010,723484101,PNW
US7240781002,724078100,PIPR
US7242495031,724249503,BPIRY
US7244791007,724479100,PBI
US72703H1014,72703H101,PLNT
US72815G1085,72815G108,MYPS
US72815L1070,72815L107,PLTK
US7291321005,729132100,PLXS
US7291391057,729139105,PLRX
US72919P2020,72919P202,PLUG
US7292731020,729273102,PLBC
US7310681025,731068102,PII
US7323441060,732344106,PDLB
US73278L1052,73278L105,POOL
US7329081084,732908108,PONY
US7332451043,733245104,PRCH
US73328P1066,73328P106,POAHY
US7365088472,736508847,POR
US73688F2011,73688F201,BCIC
US7374461041,737446104,POST
US73757R1023,73757R102,PSTL
US7376301039,737630103,PCH
US7391281067,739128106,POWL
US7391972004,739197200,HGKGY
US7392761034,739276103,POWI
US73931J1097,73931J109,AIOT
US73933G2021,73933G202,PSIX
US7396501097,739650109,PROP
US74017N1054,74017N105,PGEN
US74019P2074,74019P207,DTIL
US7403674044,740367404,PFBC
US7404441047,740444104,PLPC
US74144T1088,74144T108,TROW
US7415111092,741511109,PSMT
US74158E1047,74158E104,PNRG
US7416231022,741623102,PRMB
US74164F1030,74164F103,PRIM
US74164M1080,74164M108,PRI
US74167B1098,74167B109,FRST
US74179A1079,74179A107,BPRN
US74251V1026,74251V102,PFG
US74265M2052,74265M205,PDEX
US74267C1062,74267C106,PRA
US7427181091,742718109,PG
US74275G1076,74275G107,PRTH
US74275K1088,74275K108,PCOR
US74319R1014,74319R101,PRG
US7433121008,743312100,PRGS
US7433151039,743315103,PGR
US74340W1036,74340W103,PLD
US7434762024,743476202,PBSFY
US74348T1025,74348T102,PSEC
US74365A3095,74365A309,PLX
US74365P1084,74365P108,PROSY
US74365U1079,74365U107,TARA
US7437131094,743713109,PRLB
US74386T1051,74386T105,PFS
US7443201022,744320102,PRU
US74435K2042,74435K204,PUK
US74440L1061,74440L106,PRYMY
US7445731067,744573106,PEG
US74460D1090,74460D109,PSA
US74463M1062,74463M106,PUBGY
US7458481014,745848101,LUNG
US74584P3010,74584P301,PULM
US7458671010,745867101,PHM
US74587B1017,74587B101,PLSE
US74589A1016,74589A101,PUMSY
US74624M1027,74624M102,PSTG
US74727A1043,74727A104,QCRH
US74728G6052,74728G605,QBIEY
US7473011093,747301109,QUAD
US7473161070,747316107,KWR
US74736K1016,74736K101,QRVO
US74736L1098,74736L109,QTWO
US74738G1085,74738G108,NPACY
US74743L1008,74743L100,Q
US7475251036,747525103,QCOM
US74758T3032,74758T303,QLYS
US7476191041,747619104,NX
US74762E1029,74762E102,PWR
US74767N1072,74767N107,HERE
US7477981069,747798106,HTT
US7479066000,747906600,QMCO
US74834L1008,74834L100,DGX
US74836W2035,74836W203,QRHC
US74837P4054,74837P405,QUIK
US74874Q1004,74874Q100,QNST
US74915M6057,74915M605,QVCGA
US74930B1052,74930B105,RBB
US74934Q1085,74934Q108,RICK
US7495521053,749552105,RFIL
US7496071074,749607107,RLI
US7496601060,749660106,RES
US74967R1068,74967R106,RMR
US74967X1037,74967X103,RH
US7496851038,749685103,RPM
US74969N1037,74969N103,RLX
US74973Y1038,74973Y103,RGLXY
US74975E3036,74975E303,RWEOY
US74982T1034,74982T103,RXO
US7502361014,750236101,RDN
US75025X1000,75025X100,RLGT
US7504911022,750491102,RDNT
US7507321096,750732109,RAIFY
US7509171069,750917106,RMBS
US7512121010,751212101,RL
US75134P6007,75134P600,METC
US75279Q1085,75279Q108,RANJY
US75281A1097,75281A109,RRC
US75282U1043,75282U104,RNGR
US75321W1036,75321W103,PACK
US7534221046,753422104,RPD
US75382E2081,75382E208,RAPT
US75410B1017,75410B101,RATIY
US7547301090,754730109,RJF
US7549071030,754907103,RYN
US75508B1044,75508B104,RYAM
US75513E1010,75513E101,RTX
US75524W1080,75524W108,RMAX
US75574U1016,75574U101,RC
US75607T1051,75607T105,AIRE
US7561091049,756109104,O
US7561581015,756158101,UTG
US75629J1016,75629J101,RCRUY
US75644T1007,75644T100,RCAT
US7565681019,756568101,RDEIY
US75686R2022,75686R202,RRBI
US75689M1018,75689M101,RRGB
US75704L1044,75704L104,RDVT
US75734B1008,75734B100,RDDT
US7580754023,758075402,RWT
US7587501039,758750103,RRX
US7588491032,758849103,REG
US75886F1075,75886F107,REGN
US7589322061,758932206,RGS
US75901B1070,75901B107,RGNX
US75902K1060,75902K106,RM
US7591EP1005,7591EP100,RF
US7593516047,759351604,RGA
US7594191048,759419104,REKR
US7594701077,759470107,RLNIY
US7595091023,759509102,RS
US7595301083,759530108,RELX
US75955J4022,75955J402,RLMD
US7596551033,759655103,REMYY
US7596734035,759673403,RNLSY
US75970E1073,75970E107,RNST
US7598923008,759892300,MTBLY
US7599161095,759916109,RGEN
US76009N1000,76009N100,UPBD
US76026T2050,76026T205,REPYY
US76029L1008,76029L100,RPAY
US76029N1063,76029N106,REPL
US7607591002,760759100,RSG
US7610251057,761025105,RSSS
US7611521078,761152107,RMD
US76118Y1047,76118Y104,REZI
US76119X1054,76119X105,RSVR
US76155X1000,76155X100,RVMD
US7616811052,761681105,RXEEY
US76169C1009,76169C100,REXR
US76171L1061,76171L106,REYN
US76200L3096,76200L309,RZLT
US76206K1079,76206K107,RNMBY
US76240P1049,76240P104,RKAGY
US76243J1051,76243J105,RYTM
US7625441040,762544104,RBBN
US76655K1034,76655K103,RGTI
US76665T1025,76665T102,REPX
US76674Q1076,76674Q107,RMNI
US76680R2067,76680R206,RNG
US76680V1089,76680V108,REI
US7672041008,767204100,RIO
US7672921050,767292105,RIOT
US76954A1034,76954A103,RIVN
US7703231032,770323103,RHI
US7707001027,770700102,HOOD
US7711951043,771195104,RHHBY
US7731211089,773121108,RKLB
US77313F1066,77313F106,RCKT
US7739031091,773903109,ROK
US7743743004,774374300,RMTI
US7745151008,774515100,RCKY
US7751331015,775133101,ROG
US77543R1023,77543R102,ROKU
US7757111049,775711104,ROL
US7757812067,775781206,RYCEY
US7766961061,776696106,ROP
US7782961038,778296103,ROST
US7802593050,780259305,SHEL
US7802871084,780287108,RGLD
US7806412059,780641205,KKPNY
US78081T1043,78081T104,RGT
US78112T2069,78112T206,RBCN
US7811541090,781154109,RBRK
US7813863054,781386305,RDNW
US78163D1000,78163D100,RWAY
US7818462092,781846209,RUSHA
US7818463082,781846308,RUSHB
US7835132033,783513203,RYAAY
US7835491082,783549108,R
US7837541041,783754104,RYI
US78377T1079,78377T107,RHP
US78392B1070,78392B107,HXSCL
US78408D1054,78408D105,SBFG
US78409V1044,78409V104,SPGI
US78410G1040,78410G104,SBAC
US7841171033,784117103,SEIC
US78413P1012,78413P101,SMHI
US78435P1057,78435P105,SEZL
US78440P3064,78440P306,SKM
US78440X8873,78440X887,SLG
US78442P1066,78442P106,SLM
US78444J1088,78444J108,SLCJY
US78446M1099,78446M109,SMTGY
US78454L1008,78454L100,SM
US78460A1060,78460A106,SNMRY
US78463M1071,78463M107,SPSC
US78467J1007,78467J100,SSNC
US78473E1038,78473E103,SPXC
US78516J1016,78516J101,SAABY
US78518H2022,78518H202,BRW
US78573L1061,78573L106,SBRA
US78573M1045,78573M104,SABR
US78646V1070,78646V107,SAFE
US78648T1007,78648T100,SAFT
US7865841024,786584102,SAFRY
US7865983008,786598300,SGA
US7867001049,786700104,SGMT
US78709Y1055,78709Y105,SAIA
US7901481009,790148100,JOE
US79376W4069,79376W406,SAPMY
US79466L3024,79466L302,CRM
US79546E1047,79546E104,SBH
US79547H1068,79547H106,SALRY
US7958422021,795842202,SZGPY
US79584E1073,79584E107,SFRGY
US7960502018,796050201,SSNGY
US7960508882,796050888,SSNHZ
US7960542030,796054203,SSDIY
US7999261008,799926100,SDZNY
US80007P8692,80007P869,SD
US8004221078,800422107,JBSS
US8006771062,800677106,SGMO
US8010561020,801056102,SANM
US80105N1054,80105N105,SNY
US8030542042,803054204,SAP
US8030692029,803069202,SPPJY
US8036071004,803607100,SRPT
US8038663006,803866300,SSL
US80386Y1010,80386Y101,SRTOY
US8051111016,805111101,SVRA
US8057001013,805700101,ELVR
US8060371072,806037107,SCSC
US8064071025,806407102,HSIC
US80687P1066,80687P106,SBGSY
US80689H1023,80689H102,SNDR
US80706P1030,80706P103,SRRK
US80810D1037,80810D103,SDGR
US8085131055,808513105,SCHW
US8085411069,808541106,MATV
US8086251076,808625107,SAIC
US80874P1093,80874P109,LNWO
US80917Q1067,80917Q106,SCRYY
US8101861065,810186106,SMG
US8110544025,811054402,SSP
US8112922005,811292200,SCYX
US81141R1005,81141R100,SE
US8115431079,811543107,SEB
US8117078019,811707801,SBCF
US81211K1007,81211K100,SEE
US81282V1008,81282V100,PRKS
US8131071099,813107109,SECVY
US81367P2002,81367P200,SECOY
US8160783077,816078307,SKHSY
US81617J3014,81617J301,WTTR
US8162123025,816212302,RNAC
US8163001071,816300107,SIGI
US8163073005,816307300,SLQT
US81642T2096,81642T209,SLS
US8166452040,816645204,LEDS
US81684M1045,81684M104,SMLR
US8168501018,816850101,SMTC
US8168511090,816851109,SRE
US81686C1045,81686C104,SEMR
US81725T1007,81725T100,SXT
US81727U3032,81727U303,SENS
US81728J1097,81728J109,SRTS
US81730H1095,81730H109,S
US81750R2013,81750R201,MCRB
US81752R1005,81752R100,SRG
US8175651046,817565104,SCI
US81761L1026,81761L102,SVC
US81762P1021,81762P102,NOW
US81814P2092,81814P209,STRNY
US8188001049,818800104,SGSOY
US8190471016,819047101,SHAK
US82312B1061,82312B106,SHEN
US8243481061,824348106,SHW
US8245961003,824596100,SHG
US8250641086,825064108,SAEYY
US82536T1079,82536T107,SSTI
US8256901005,825690100,SSTK
US8257041090,825704109,SIBN
US82575P1075,82575P107,SBSW
US8261975010,826197501,SIEGY
US82621A1043,82621A104,SMNEY
US82622J1043,82622J104,SMMNY
US82655M2061,82655M206,SIFY
US82670P1012,82670P101,PHPPY
US82674R1032,82674R103,SXYAY
US82686Q1013,82686Q101,SLN
US8269191024,826919102,SLAB
US8270461036,827046103,SILXY
US8270481091,827048109,SLGN
US82706C1080,82706C108,SIMO
US82728C1027,82728C102,SVCO
US8287302009,828730200,SFNC
US8288061091,828806109,SPG
US8290731053,829073105,SSD
US8291601008,829160100,SMSMY
US82930C1062,82930C106,SINGY
US82981J8514,82981J851,SITC
US82982L1035,82982L103,SITE
US8299331004,829933100,SIRI
US83001C1080,83001C108,FUN
US83012A1097,83012A109,TSLX
US83066P3091,83066P309,SKIL
US83086J2006,83086J200,SKYE
US8308791024,830879102,SKYW
US83088M1027,83088M102,SWKS
US83125X1037,83125X103,SNBR
US8317541063,831754106,SWBI
US83175M2052,83175M205,SNN
US8318652091,831865209,AOS
US83191H1077,83191H107,SND
US83192D4025,83192D402,SMA
US8322482071,832248207,SFD
US83238P2039,83238P203,SMGZY
US8326964058,832696405,SJM
US8330341012,833034101,SNA
US83304A1060,83304A106,SNAP
US8334451098,833445109,SNOW
US8336351056,833635105,SQM
US83364L1098,83364L109,SCGLY
US83368E2000,83368E200,SCKT
US8337921048,833792104,SDXAY
US83404D1090,83404D109,SFTBY
US83405K1025,83405K102,SOBKY
US83406F1021,83406F102,SOFI
US83413U1007,83413U100,SLRC
US83417M1045,83417M104,SEDG
US83418M1036,83418M103,SEI
US83419H1032,83419H103,SMXT
US8342033094,834203309,SLNO
US8344374025,834437402,SLVYY
US83443Q1031,83443Q103,SOLS
US83444M1018,83444M101,SOLV
US83545G1022,83545G102,SAH
US8354951027,835495102,SON
US8356993076,835699307,SONY
US83569C1027,83569C102,SONVY
US83570H1086,83570H108,SONO
US83600C1036,83600C103,SOHO
US83946P1075,83946P107,SPFI
US84252A1060,84252A106,BCAL
US8425871071,842587107,SO
US84265V1052,84265V105,SCCO
US84470P1093,84470P109,SBSI
US8447411088,844741108,LUV
US8448951025,844895102,SWX
US84652A1025,84652A102,SPKKY
US84790A1051,84790A105,SPB
US84833T1034,84833T103,SPRO
US8485603067,848560306,SPIR
US84857L1017,84857L101,SR
US84863T1060,84863T106,SPOK
US84920Y1064,84920Y106,SPWH
US85208M1027,85208M102,SFM
US85208T1079,85208T107,CXM
US85209W1099,85209W109,SPT
US8522341036,852234103,XYZ
US8523123052,852312305,STAA
US85236P1012,85236P101,SLNG
US85254J1025,85254J102,STAG
US85256A1097,85256A109,STGW
US8536661056,853666105,SMP
US8542311076,854231107,SXI
US8545021011,854502101,SWK
US85512G1067,85512G106,STHO
US8552441094,855244109,SBUX
US85571B1052,85571B105,STWD
US8565522039,856552203,SBKFF
US8574771031,857477103,STT
US8581191009,858119100,STLD
US8585681088,858568108,SCM
US8585861003,858586100,SCL
US85859N3008,85859N300,STEM
US8589271068,858927106,STEL
US85916J4094,85916J409,STXS
US8592411016,859241101,STRL
US8603721015,860372101,STC
US8606301021,860630102,SF
US8608971078,860897107,SFIX
US8610121027,861012102,STM
US8610251048,861025104,SYBT
US86150R1077,86150R107,STOK
US8617801043,861780104,BANX
US86183P1021,86183P102,SRI
US8618961085,861896108,SNEX
US86260J1025,86260J102,SWAG
US86272C1036,86272C103,STRA
US8631111007,863111100,STRT
US8631672016,863167201,STRS
US86317T1034,86317T103,SAUHY
US86333M1080,86333M108,LRN
US8636671013,863667101,SYK
US8641591081,864159108,RGR
US8643231009,864323100,SUBCY
US86562M2098,86562M209,SMFG
US8660821005,866082100,INN
US8666741041,866674104,SUI
US8666831057,866683105,SNCY
US86722A1034,86722A103,SXC
US86738R1086,86738R108,HYSR
US86740P2074,86740P207,STG
US86771W1053,86771W105,RUN
US8678921011,867892101,SHO
US86800U3023,86800U302,SMCI
US8683581024,868358102,SGC
US8684591089,868459108,SUPN
US86881A1007,86881A100,SGRY
US86882L2043,86882L204,SURG
US86887Q1094,86887Q109,SSSS
US8695876008,869587600,SCABY
US86959K1051,86959K105,SUZ
US8701231065,870123106,SWGAY
US8708861088,870886108,SSREY
US87089E1001,87089E100,SZLMY
US8710131082,871013108,SCMWY
US8713321029,871332102,SLVM
US87155N1090,87155N109,SYIEY
US8715651076,871565107,ACNT
US87157D1090,87157D109,SYNA
US8716071076,871607107,SNPS
US87162W1009,87162W100,SNX
US87164F1057,87164F105,SNDX
US87165B1035,87165B103,SYF
US8718291078,871829107,SYY
US87184Q2066,87184Q206,SYRS
US8722801029,872280102,CGBD
US87240R1077,87240R107,TFSL
US8725401090,872540109,TJX
US8725901040,872590104,TMUS
US8726571016,872657101,TPG
US87265H1095,87265H109,TPH
US87305R1095,87305R109,TTMI
US87357P1003,87357P100,TCMD
US8740391003,874039100,TSM
US8740541094,874054109,TTWO
US8740602052,874060205,TAK
US8740801043,874080104,TAL
US87484T1088,87484T108,TALO
US8753722037,875372203,TNDM
US8754651060,875465106,SKT
US8760301072,876030107,TPR
US87612E1064,87612E106,TGT
US87612G1013,87612G101,TRGP
US87652V1098,87652V109,TASK
US8767041077,876704107,TAVHY
US87724P1066,87724P106,TMHC
US8781553081,878155308,TISI
US87816Y1064,87816Y106,TMVWY
US87854Y1091,87854Y109,THNPY
US87874R3084,87874R308,TTGT
US87876P2011,87876P201,TGEN
US87901J1051,87901J105,TGNA
US8790801091,879080109,TRC
US87918A1051,87918A105,TDOC
US8792732096,879273209,TEO
US87927Y1029,87927Y102,TIIAY
US8793601050,879360105,TDY
US8793691069,879369106,TFX
US87936R2058,87936R205,VIV
US8793822086,879382208,TELFY
US87944W1053,87944W105,TELNY
US87946F1003,87946F100,TLPFY
US87952P3073,87952P307,TLTZY
US87960M2052,87960M205,TLSNY
US8796VP1054,8796VP105,TLGPY
US87974R2085,87974R208,TMSNY
US88023B1035,88023B103,TEM
US88023U1016,88023U101,SGI
US88025T1025,88025T102,TENB
US88025U1097,88025U109,TXG
US88031M1099,88031M109,TS
US88032Q1094,88032Q109,TCEHY
US88033G4073,88033G407,THC
US8803451033,880345103,TNC
US88034P1093,88034P109,TME
US88076W1036,88076W103,TDC
US8807701029,880770102,TER
US8807791038,880779103,TEX
US88080T1043,88080T104,WULF
US8808811074,880881107,TERN
US8808901081,880890108,TX
US88146M1018,88146M101,TRNO
US8815754010,881575401,TSCDY
US88160R1014,88160R101,TSLA
US8816242098,881624209,TEVA
US88162F1057,88162F105,TTI
US88162G1031,88162G103,TTEK
US88224Q1076,88224Q107,TCBI
US8825081040,882508104,TXN
US88262P1021,88262P102,TPL
US8826811098,882681109,TXRH
US8832031012,883203101,TXT
US8832192061,883219206,THLLY
US88322Q1085,88322Q108,TGTX
US88331L1089,88331L108,SKIN
US88338K1034,88338K103,STKS
US88339J1051,88339J105,TTD
US88339P1012,88339P101,REAL
US8835561023,883556102,TMO
US88362T1034,88362T103,THR
US8851601018,885160101,THO
US8852131080,885213108,TBLD
US88554D2053,88554D205,DDD
US88556E1029,88556E102,TDUP
US88579Y1010,88579Y101,MMM
US88629Q2075,88629Q207,TKAMY
US88642R1095,88642R109,TDW
US8873891043,887389104,TKR
US8873991033,887399103,MTUS
US88830M1027,88830M102,TWI
US88830R1014,88830R101,TITN
US8887871080,888787108,TOST
US8894781033,889478103,TOL
US8899052042,889905204,TMRAY
US8901101092,890110109,TMP
US8901382098,890138209,TMOAY
US8902608392,890260839,TNXP
US8905161076,890516107,TR
US89055F1030,89055F103,BLD
US8910921084,891092108,TTC
US89214P1093,89214P109,TOWN
US8922311019,892231101,TSQ
US8923313071,892331307,TM
US8923561067,892356106,TSCO
US89237L1017,89237L101,TRCK
US8926721064,892672106,TW
US8935291075,893529107,TRNS
US8936172092,893617209,TCI
US8936411003,893641100,TDG
US89377M1099,89377M109,TMDX
US8938702045,893870204,TGS
US89400J1079,89400J107,TRU
US8941641024,894164102,TNL
US89417E1091,89417E109,TRV
US89421Q2057,89421Q205,TZOO
US8946501009,894650100,TG
US89465J1097,89465J109,TSRYY
US89531P1057,89531P105,TREX
US8962152091,896215209,TRS
US8962391004,896239100,TRMB
US8962881079,896288107,TNET
US8964423086,896442308,TRIN
US8965221091,896522109,TRN
US89677Q1076,89677Q107,TCOM
US89677Y1001,89677Y100,TPVG
US89679E3009,89679E300,TFIN
US8969452015,896945201,TRIP
US8982021060,898202106,TRUP
US89832Q1094,89832Q109,TFC
US8984021027,898402102,TRMK
US89853L3024,89853L302,TTOO
US89854H1023,89854H102,TTEC
US8986972060,898697206,TCX
US8989201038,898920103,HURA
US89977P1066,89977P106,TOUR
US8999241040,899924104,TURB
US90010R1095,90010R109,TKHVY
US9001112047,900111204,TKC
US90011Q1004,90011Q100,TRKNY
US9001487019,900148701,TKGBY
US90041L1052,90041L105,TPB
US9004502061,900450206,TBCH
US9011091082,901109108,TPC
US90114C1071,90114C107,TUYA
US90138A1034,90138A103,VNET
US90138F1021,90138F102,TWLO
US9014761012,901476101,TWIN
US9016431069,901643106,TWNPQ
US90184D1000,90184D100,TWST
US90187B8046,90187B804,TWO
US9022521051,902252105,TYL
US9024941034,902494103,TSN
US9026531049,902653104,UDR
US9026731029,902673102,UFPT
US9026811052,902681105,UGI
US9026851066,902685106,UDMY
US9027881088,902788108,UMBF
US90278Q1085,90278Q108,UFPI
US90291C2017,90291C201,USAU
US90291W1080,90291W108,USGO
US9029521005,902952100,GROW
US9029733048,902973304,USB
US9030021037,903002103,UMH
US90328M1071,90328M107,USNA
US90337L1089,90337L108,USPH
US9034801012,903480101,UCBJY
US90348R1023,90348R102,UBSFY
US90353T1007,90353T100,UBER
US90353W1036,90353W103,UI
US90364P1057,90364P105,PATH
US9037311076,903731107,ULS
US90384S3031,90384S303,ULTA
US90385V1070,90385V107,UCTT
US9038991025,903899102,ULBI
US90400D1081,90400D108,RARE
US90400P1012,90400P101,UGP
US90420M1045,90420M104,UMICY
US9043111072,904311107,UAA
US9043112062,904311206,UA
US9046772003,904677200,UFI
US9046784065,904678406,UNCRY
US9047081040,904708104,UNF
US9078181081,907818108,UNP
US9092143067,909214306,UIS
US90984P3038,90984P303,UCB
US9099071071,909907107,UBSI
US9100471096,910047109,UAL
US91060H1086,91060H108,UHG
US9107101027,910710102,ACIC
US9108734057,910873405,UMC
US9111631035,911163103,UNFI
US9113121068,911312106,UPS
US9113631090,911363109,URI
US9114601035,911460103,UBFO
US9116841084,911684108,AD
US9118053076,911805307,USEG
US9119221029,911922102,USLM
US9120081099,912008109,USFD
US9129321009,912932100,UNIT
US91307C1027,91307C102,UTHR
US91311E1029,91311E102,UUGRY
US91324P1021,91324P102,UNH
US9132901029,913290102,UNTY
US91332U1016,91332U101,U
US9134561094,913456109,UVV
US91347P1057,91347P105,OLED
US9134831034,913483103,UEIC
US91359E1055,91359E105,UHT
US91359V1070,91359V107,UVE
US91377B1098,91377B109,UNVGY
US9139031002,913903100,UHS
US9139151040,913915104,UTI
US9152711001,915271100,UVSP
US91529Y1064,91529Y106,UNM
US91531W1062,91531W106,TIGR
US91544A1097,91544A109,UPLD
US91680M1071,91680M107,UPST
US91688F1049,91688F104,UPWK
US9168961038,916896103,UEC
US9170471026,917047102,URBN
US91704F1049,91704F104,UE
US9173022008,917302200,USNZY
US9174881089,917488108,UTMD
US9182041080,918204108,VFC
US9182841000,918284100,VSEC
US91851C2017,91851C201,EGY
US91864C1071,91864C107,BRNS
US91879Q1094,91879Q109,MTN
US91912E1055,91912E105,VALE
US9191343048,919134304,VLEEY
US91913Y1001,91913Y100,VLO
US9197941076,919794107,VLY
US92023R4074,92023R407,VLOWY
US9202531011,920253101,VMI
US92025Y1038,92025Y103,VALN
US92047W1018,92047W101,VVV
US9216591084,921659108,VNDA
US92212W1009,92212W100,VARRY
US92214X1063,92214X106,VREX
US9222801022,922280102,VRNS
US9224171002,922417100,VECO
US92243F1003,92243F100,VACNY
US92243G1085,92243G108,PCVX
US9224751084,922475108,VEEV
US92276F1003,92276F100,VTR
US92333F1012,92333F101,VG
US92334N1037,92334N103,VEOEY
US92335C1062,92335C106,VRA
US92336Y1073,92336Y107,OEZVY
US92337C2035,92337C203,VSTM
US92337F1075,92337F107,VCYT
US92338C1036,92338C103,VLTO
US92343E1029,92343E102,VRSN
US92343V1044,92343V104,VZ
US92345Y1064,92345Y106,VRSK
US92346J1088,92346J108,VCEL
US92346X2062,92346X206,VRME
US92347M1009,92347M100,VERI
US92511U1025,92511U102,VRRM
US92532F1003,92532F100,VRTX
US92537N1081,92537N108,VRT
US92538J1060,92538J106,VERX
US9254581013,925458101,VWDRY
US92552R4065,92552R406,PRSU
US92552V1008,92552V100,VSAT
US9255501051,925550105,VIAV
US92556V1061,92556V106,VTRS
US9256521090,925652109,VICI
US9258151029,925815102,VICR
US9264001028,926400102,VSCO
US92645B1035,92645B103,VCTR
US92686J1060,92686J106,VKTX
US9271074091,927107409,VLGEA
US92719W2070,92719W207,VNCE
US9273201015,927320101,VCISY
US92763W1036,92763W103,VIPS
US92766K4031,92766K403,SPCE
US92790C1045,92790C104,VRDN
US9280311039,928031103,VABK
US9282541013,928254101,VIRT
US92826C8394,92826C839,V
US92827K3014,92827K301,VTSI
US92828Q1094,92828Q109,VRTS
US9282981086,928298108,VSH
US92837L1098,92837L109,VIST
US92839U2069,92839U206,VC
US92840M1027,92840M102,VST
US92846Q1076,92846Q107,COCO
US92847W1036,92847W103,VITL
US92852T2015,92852T201,VIVHY
US92854B1098,92854B109,VANI
US92857W3088,92857W308,VOD
US9286625010,928662501,VWAPY
US9286626000,928662600,VWAGY
US9288541082,928854108,VLVLY
US92887H1077,92887H107,VONOY
US92887P1093,92887P109,VLVCY
US9288811014,928881101,VNT
US9290421091,929042109,VNO
US9290891004,929089100,VOYA
US92915B1061,92915B106,VYGR
US9291601097,929160109,VMC
US92921W3007,92921W300,VUZI
US92922P1066,92922P106,WTI
US9292361071,929236107,WDFC
US9293281021,929328102,WSFS
US92936U1097,92936U109,WPC
US92937A1025,92937A102,WPP
US92939U1060,92939U106,WEC
US9295661071,929566107,WNC
US92971A1097,92971A109,MAPS
US9297401088,929740108,WAB
US9307522097,930752209,ASAPQ
US9311421039,931142103,WMT
US9344231041,934423104,WBD
US9345502036,934550203,WMG
US93627C1018,93627C101,HCC
US9396531017,939653101,ELME
US9406101082,940610108,WASH
US94106L1098,94106L109,WM
US94132V1052,94132V105,WDH
US9418481035,941848103,WAT
US94188P1012,94188P101,WSBF
US9426222009,942622200,WSO
US9427491025,942749102,WTS
US94419L1017,94419L101,W
US9467601053,946760105,CLMB
US9478901096,947890109,WBS
US9485961018,948596101,WB
US9497461015,949746101,WFC
US95040Q1040,95040Q104,WELL
US95058W1009,95058W100,WEN
US9507551086,950755108,WERN
US95082P1057,95082P105,WCC
US9509151083,950915108,WRD
US95123P1066,95123P106,WTBA
US9553061055,955306105,WST
US9569251013,956925101,WEDXF
US9576381092,957638109,WAL
US9581021055,958102105,WDC
US9588921018,958892101,WNEB
US9598021098,959802109,WU
US9604131022,960413102,WLK
US96145W1036,96145W103,WEST
US9616842061,961684206,WWR
US96208T1043,96208T104,WEX
US9621491003,962149100,WEYS
US9621661043,962166104,WY
US9633201069,963320106,WHR
US96524V1061,96524V106,WHF
US9676621074,967662107,WBRBY
US9682232064,968223206,WLY
US9682233054,968223305,WLYB
US96924N1000,96924N100,WLDN
US9694571004,969457100,WMB
US9699041011,969904101,WSM
US9706461053,970646105,WLFC
US9713781048,971378104,WSC
US9741551033,974155103,WING
US9746371007,974637100,WGO
US97650W1080,97650W108,WTFC
US97651M1099,97651M109,WIT
US97717P1049,97717P104,WT
US97727L4086,97727L408,WKEY
US97785W1062,97785W106,WOLF
US9778742059,977874205,WTKWY
US9780971035,978097103,WWW
US9802283088,980228308,WDS
US9807451037,980745103,WWD
US98138H1014,98138H101,WDAY
US98139A1051,98139A105,WK
US9814191048,981419104,WRLD
US9814751064,981475106,WKC
US98161H1014,98161H101,WRDLY
US9818111026,981811102,WOR
US9821041012,982104101,WS
US98260N1081,98260N108,WXXWY
US98262P2002,98262P200,WW
US98311A1051,98311A105,WH
US9831341071,983134107,WYNN
US9837931008,983793100,XPO
US98379L1008,98379L100,XPEL
US98389B1008,98389B100,XEL
US9840171030,984017103,XHR
US98401F1057,98401F105,XNCR
US98419E1082,98419E108,XNET
US98419J2069,98419J206,XOMA
US98419M1009,98419M100,XYL
US98420P3082,98420P308,XTNT
US98421M1062,98421M106,XRX
US98421U1088,98421U108,XIACY
US98422D1054,98422D105,XPEV
US98422E1038,98422E103,XERS
US98422P1084,98422P108,AHG
US98423B3069,98423B306,XOS
US98423F1093,98423F109,XMTR
US9842451000,984245100,YPF
US98459U1034,98459U103,YALA
US9848461052,984846105,YZCAY
US9848512045,984851204,YARIY
US9858171054,985817105,YELP
US98585L1008,98585L100,YRD
US98585N1063,98585N106,YEXT
US98585X1046,98585X104,YETI
US9884981013,988498101,YUM
US98850P1093,98850P109,YUMC
US98887L1052,98887L105,ZLNDY
US98887Q1040,98887Q104,ZLAB
US9892071054,989207105,ZBRA
US98923T1043,98923T104,ZDGE
US98954M1018,98954M101,ZG
US98954M2008,98954M200,Z
US98955N2071,98955N207,ZH
US98956A1051,98956A105,ZETA
US98956P1021,98956P102,ZBH
US9896961094,989696109,ZNOG
US9897011071,989701107,ZION
US98978V1035,98978V103,ZTS
US98980A1051,98980A105,ZTO
US98980B1035,98980B103,ZIP
US98980F1049,98980F104,GTM
US98980G1022,98980G102,ZS
US98980L1017,98980L101,ZM
US9898171015,989817101,ZUMZ
US9898251049,989825104,ZURVY
US98983L1089,98983L108,ZWS
US98985Y1082,98985Y108,ZYME
USN070451026,N07045102,ASMIY
USN070592100,N07059210,ASML
USY5217N1183,Y5217N118,LTOUF
USY541641194,Y54164119,MAHMF
